uid,clfir_final_pipeline_bleu,adapter2_more_imp_pipeline_bleu,delta_more_imp_minus_final_pipeline_bleu,clfir_final_pipeline_rouge1,adapter2_more_imp_pipeline_rouge1,delta_more_imp_minus_final_pipeline_rouge1,clfir_final_pipeline_rouge2,adapter2_more_imp_pipeline_rouge2,delta_more_imp_minus_final_pipeline_rouge2,clfir_final_pipeline_rougeL,adapter2_more_imp_pipeline_rougeL,delta_more_imp_minus_final_pipeline_rougeL,clfir_final_pipeline_meteor,adapter2_more_imp_pipeline_meteor,delta_more_imp_minus_final_pipeline_meteor,clfir_final_pipeline_bertscore_f1,adapter2_more_imp_pipeline_bertscore_f1,delta_more_imp_minus_final_pipeline_bertscore_f1
2580,0.1375418202651829,0.1640554485420589,0.026513628276875978,0.3728813559322034,0.392156862745098,0.019275506812894583,0.1403508771929824,0.2448979591836734,0.10454708199069102,0.2711864406779661,0.392156862745098,0.12097042206713188,0.3198038992133166,0.3444025028905665,0.02459860367724992,0.8885223269462585,0.8925210237503052,0.003998696804046631
2581,0.0429583271119845,0.1037008666589909,0.060742539547006404,0.40625,0.3968253968253968,-0.009424603174603197,0.1428571428571428,0.1774193548387097,0.03456221198156689,0.234375,0.2063492063492063,-0.02802579365079369,0.2278716256734946,0.2402466841482204,0.012375058474725809,0.8510429859161377,0.848461389541626,-0.0025815963745117188
2583,0.1955779019047063,0.2490784951946792,0.05350059328997289,0.4897959183673468,0.608695652173913,0.11889973380656615,0.2553191489361701,0.3636363636363636,0.10831721470019351,0.3673469387755102,0.4782608695652174,0.11091393078970718,0.5561674008810572,0.6847487082408801,0.12858130735982287,0.8456926345825195,0.8506911396980286,0.004998505115509033
2584,0.2975954946911795,0.2245569752111347,-0.0730385194800448,0.5671641791044776,0.4912280701754386,-0.07593610892903896,0.3076923076923077,0.2909090909090908,-0.016783216783216925,0.417910447761194,0.4210526315789473,0.0031421838177532746,0.54688,0.4167040325232415,-0.13017596747675853,0.9065384864807128,0.8905459046363831,-0.015992581844329723
2585,0.0293893467174618,0.0074695008313745,-0.021919845886087298,0.3243243243243243,0.231578947368421,-0.09274537695590329,0.073394495412844,0.043010752688172,-0.030383742724672,0.1801801801801801,0.1263157894736842,-0.0538643907064959,0.1665225285694616,0.1064056801427795,-0.06011684842668209,0.8326156735420227,0.8161453008651733,-0.016470372676849365
2586,0.041511436702024,0.0422594281843003,0.0007479914822762987,0.2222222222222222,0.1818181818181818,-0.040404040404040414,0.0930232558139534,0.0952380952380952,0.0022148394241418012,0.2222222222222222,0.1363636363636363,-0.08585858585858591,0.2298850574712643,0.3328191741813004,0.1029341167100361,0.808763325214386,0.8186005353927612,0.009837210178375244
2588,0.0500293490087176,0.0200740330945878,-0.029955315914129796,0.3157894736842105,0.2696629213483146,-0.04612655233589591,0.1505376344086021,0.1149425287356321,-0.03559510567297,0.1894736842105263,0.1348314606741573,-0.054642223536368995,0.2614275465365053,0.2096609391427965,-0.05176660739370881,0.8471768498420715,0.8300560712814331,-0.017120778560638428
2589,0.304777211219893,0.2470985811880429,-0.05767863003185009,0.6666666666666665,0.6486486486486486,-0.018018018018017945,0.4285714285714286,0.3055555555555556,-0.12301587301587302,0.4722222222222222,0.4324324324324324,-0.03978978978978981,0.5430160173462965,0.5345431406064209,-0.008472876739875512,0.906708836555481,0.8982141613960266,-0.008494675159454346
2590,0.1485011104300923,0.1599214476819184,0.011420337251826118,0.44,0.4347826086956522,-0.005217391304347785,0.1666666666666666,0.2272727272727272,0.06060606060606061,0.36,0.391304347826087,0.03130434782608699,0.4894736842105263,0.4502878976835514,-0.03918578652697491,0.8446757197380066,0.8476582169532776,0.002982497215270996
2591,0.1481284572786972,0.2615048995114725,0.11337644223277529,0.6229508196721312,0.5283018867924528,-0.09464893287967835,0.2372881355932203,0.2745098039215686,0.037221668328348306,0.360655737704918,0.3396226415094339,-0.021033096195484102,0.5596442897321223,0.4636350736249222,-0.09600921610720015,0.9089598059654236,0.8766686320304871,-0.03229117393493652
2592,0.1475641481372325,0.1602717705864099,0.012707622449177391,0.5862068965517242,0.5555555555555555,-0.03065134099616873,0.25,0.2692307692307692,0.019230769230769218,0.3793103448275862,0.4074074074074074,0.028097062579821197,0.453872400695294,0.4411997467553023,-0.012672653939991674,0.8836202025413513,0.8836802244186401,6.002187728881836e-05
2593,0.2268650466088001,0.1120806585132547,-0.1147843880955454,0.4166666666666666,0.34375,-0.07291666666666657,0.2857142857142857,0.1935483870967741,-0.0921658986175116,0.3888888888888889,0.34375,-0.045138888888888895,0.3267755681818181,0.215028901734104,-0.11174666644771408,0.8725343346595764,0.8530808687210083,-0.019453465938568115
2594,0.0962301547456105,0.0687907157178651,-0.0274394390277454,0.4339622641509434,0.3529411764705882,-0.08102108768035521,0.1730769230769231,0.12,-0.053076923076923105,0.3018867924528302,0.2941176470588235,-0.0077691453940066935,0.2292999806088812,0.1812076146448898,-0.04809236596399141,0.8614771366119385,0.8395535945892334,-0.021923542022705078
2595,0.2582756218057526,0.1819189310580931,-0.0763566907476595,0.6470588235294118,0.5862068965517241,-0.06085192697768771,0.303030303030303,0.3571428571428571,0.05411255411255411,0.4411764705882353,0.3793103448275862,-0.06186612576064909,0.5568947762591275,0.3639081418731014,-0.19298663438602615,0.9031550288200378,0.9021176695823668,-0.0010373592376710095
2596,0.3015234483906837,0.1704452669397183,-0.1310781814509654,0.6875,0.5901639344262296,-0.09733606557377039,0.3548387096774193,0.1694915254237288,-0.1853471842536905,0.59375,0.3934426229508197,-0.20030737704918028,0.6233632622521512,0.3804657193455895,-0.24289754290656174,0.9094498753547668,0.8881374597549438,-0.021312415599822998
2597,0.048867899472826,0.0506071975046792,0.0017392980318532009,0.2222222222222222,0.2950819672131147,0.07285974499089248,0.0769230769230769,0.1016949152542373,0.024771838331160395,0.1851851851851852,0.2295081967213114,0.044323011536126194,0.1480263157894736,0.2544378698224851,0.10641155403301153,0.7961787581443787,0.8202545642852783,0.024075806140899658
2599,0.0245883008506798,0.0062391623503461,-0.018349138500333703,0.2051282051282051,0.1643835616438356,-0.040744643484369486,0.0789473684210526,0.056338028169014,-0.022609340252038597,0.1025641025641025,0.1095890410958904,0.0070249385317879,0.1342454337106743,0.1073554421768707,-0.0268899915338036,0.8115039467811584,0.793782651424408,-0.01772129535675049
2600,0.055854258215314,0.0472998678492541,-0.0085543903660599,0.2647058823529412,0.2258064516129032,-0.03889943074003799,0.0909090909090909,0.0666666666666666,-0.0242424242424243,0.2352941176470588,0.1935483870967742,-0.041745730550284604,0.1937978861055784,0.158875,-0.03492288610557842,0.7880862355232239,0.7750968337059021,-0.012989401817321777
2604,0.0088833039647799,0.0143204721330979,0.005437168168317999,0.054054054054054,0.0909090909090909,0.036855036855036896,0.0,0.0,0.0,0.054054054054054,0.0909090909090909,0.036855036855036896,0.1333333333333333,0.1724137931034483,0.039080459770114984,0.7399396300315857,0.7645357847213745,0.02459615468978882
2605,0.0495254906195902,0.0543100272832494,0.004784536663659203,0.3373493975903615,0.3146067415730337,-0.022742656017327778,0.0493827160493827,0.0689655172413793,0.019582801191996596,0.1927710843373493,0.2247191011235955,0.0319480167862462,0.2988087400469548,0.3162358667669522,0.01742712671999741,0.8491865396499634,0.8444671034812927,-0.004719436168670654
2607,0.1621604928867283,0.10175568578459,-0.06040480710213829,0.3,0.2857142857142857,-0.01428571428571429,0.1724137931034483,0.1311475409836065,-0.04126625211984178,0.2333333333333333,0.2222222222222222,-0.0111111111111111,0.3156128522837706,0.3377280115586057,0.022115159274835094,0.8359735608100891,0.8434253931045532,0.007451832294464111
2608,0.0235188874175247,0.0294077512407549,0.0058888638232302,0.1935483870967742,0.3174603174603175,0.12391193036354331,0.0333333333333333,0.0655737704918032,0.0322404371584699,0.1612903225806451,0.1904761904761905,0.029185867895545392,0.1998427672955974,0.2480369171225484,0.048194149826951,0.7867078185081482,0.8128551840782166,0.02614736557006836
2609,0.0081863335193573,0.0104790972311077,0.0022927637117503997,0.05,0.0666666666666666,0.016666666666666594,0.0,0.0,0.0,0.05,0.0666666666666666,0.016666666666666594,0.1265822784810126,0.1470588235294118,0.020476545048399186,0.7536402344703674,0.7432134747505188,-0.010426759719848633
2610,0.1138955402675649,0.1042700500270256,-0.009625490240539311,0.4307692307692308,0.4333333333333333,0.0025641025641024995,0.1904761904761904,0.2413793103448275,0.0509031198686371,0.3692307692307692,0.3666666666666667,-0.0025641025641024995,0.2817520043571708,0.2495515458478422,-0.032200458509328594,0.85140061378479,0.8635347485542297,0.012134134769439697
2611,0.1122650134950374,0.1241635064559202,0.0118984929608828,0.4,0.423076923076923,0.023076923076922995,0.1666666666666666,0.1999999999999999,0.0333333333333333,0.32,0.3076923076923076,-0.012307692307692408,0.3523305304681822,0.3682149943310657,0.015884463862883502,0.8612036108970642,0.8610631823539734,-0.0001404285430908203
2612,0.2412686907574867,0.2330826473422624,-0.008186043415224303,0.6666666666666667,0.6774193548387097,0.010752688172043001,0.34375,0.3666666666666666,0.022916666666666585,0.5454545454545455,0.5806451612903226,0.035190615835777095,0.5965752394323823,0.5962789602284436,-0.00029627920393870966,0.9341980218887328,0.9370448589324952,0.002846837043762429
2613,0.1727833085148174,0.1436886023267929,-0.02909470618802451,0.3018867924528302,0.2926829268292683,-0.009203865623561902,0.196078431372549,0.1538461538461538,-0.04223227752639519,0.2641509433962264,0.2439024390243902,-0.0202485043718362,0.3874203504579848,0.2660392992424242,-0.12138105121556059,0.8422184586524963,0.8464294075965881,0.004210948944091797
2614,0.1264906097473437,0.0098205593218814,-0.11667005042546229,0.4594594594594595,0.3384615384615384,-0.12099792099792106,0.1944444444444444,0.0317460317460317,-0.16269841269841268,0.3783783783783783,0.2461538461538461,-0.13222453222453218,0.3752728039786787,0.1853290985268279,-0.18994370545185077,0.8517512679100037,0.8104400634765625,-0.04131120443344116
2615,0.0309586544341516,0.0207399321009598,-0.0102187223331918,0.2268041237113402,0.2912621359223301,0.06445801221098987,0.0842105263157894,0.0792079207920792,-0.005002605523710207,0.1855670103092783,0.1941747572815534,0.008607746972275093,0.2258047589062529,0.202812208728072,-0.022992550178180887,0.8275397419929504,0.8387132883071899,0.011173546314239502
2616,0.0891685812106756,0.0834098477193751,-0.005758733491300502,0.3548387096774193,0.3275862068965517,-0.027252502780867605,0.1475409836065573,0.1754385964912281,0.027897612884670797,0.2258064516129032,0.2931034482758621,0.06729699666295891,0.2159550067204766,0.2255724578235902,0.0096174511031136,0.8274871110916138,0.8283619284629822,0.0008748173713684082
2617,0.0359014688768063,0.123571323165388,0.0876698542885817,0.4675324675324675,0.5384615384615385,0.07092907092907103,0.1333333333333333,0.28,0.14666666666666672,0.3376623376623376,0.4230769230769231,0.08541458541458546,0.363762346301149,0.3455225638145618,-0.018239782486587197,0.8631912469863892,0.8839170932769775,0.02072584629058838
2618,0.0287654512687618,0.0265053671174145,-0.0022600841513472983,0.3214285714285714,0.3050847457627119,-0.016343825665859513,0.037037037037037,0.0350877192982456,-0.001949317738791402,0.1428571428571428,0.135593220338983,-0.007263922518159799,0.2390173928635466,0.2513595258462666,0.012342132982719994,0.8608341813087463,0.8583465814590454,-0.0024875998497009277
2619,0.0150849074741268,0.0172897097179883,0.002204802243861501,0.136986301369863,0.1265822784810126,-0.010404022888850395,0.0,0.0,0.0,0.0821917808219177,0.1012658227848101,0.01907404196289239,0.0916496945010183,0.1004016064257028,0.008751911924684497,0.775008499622345,0.7783541679382324,0.003345668315887451
2620,0.198729953511933,0.1506412904396536,-0.04808866307227941,0.676470588235294,0.6470588235294118,-0.02941176470588225,0.3333333333333333,0.2727272727272727,-0.06060606060606061,0.411764705882353,0.3823529411764706,-0.02941176470588236,0.5791743995266145,0.512911155586495,-0.06626324394011951,0.9276872873306274,0.9240128397941588,-0.003674447536468617
2621,0.0602087137296335,0.0506292915422859,-0.009579422187347607,0.2222222222222222,0.2222222222222222,0.0,0.1395348837209302,0.0930232558139534,-0.0465116279069768,0.2222222222222222,0.2222222222222222,0.0,0.3859031593406593,0.2197802197802197,-0.16612293956043958,0.8028573989868164,0.8006969690322876,-0.0021604299545288086
2622,0.1702097872722284,0.1634083642036956,-0.006801423068532819,0.4193548387096774,0.456140350877193,0.03678551216751563,0.2,0.2181818181818181,0.018181818181818077,0.3548387096774193,0.3859649122807017,0.03112620260328236,0.4258474353446009,0.4348877708978328,0.009040335553231915,0.8727379441261292,0.8838491439819336,0.011111199855804443
2623,0.3767715376568519,0.1949916781925133,-0.18177985946433858,0.6229508196721311,0.6274509803921569,0.004500160720025792,0.4067796610169491,0.3673469387755102,-0.0394327222414389,0.4590163934426229,0.392156862745098,-0.06685953069752493,0.6420552486187844,0.5096549540993985,-0.13240029451938584,0.9194444417953492,0.9257417917251588,0.00629734992980957
2624,0.0765279440913396,0.0445942905189929,-0.031933653572346704,0.3529411764705882,0.3188405797101449,-0.0341005967604433,0.144578313253012,0.1791044776119402,0.03452616435892822,0.3058823529411765,0.3188405797101449,0.012958226768968406,0.2542006201773996,0.2215384328914047,-0.032662187285994876,0.8376597762107849,0.8345605134963989,-0.0030992627143859863
2625,0.1900053264295297,0.1900053264295297,0.0,0.56,0.56,0.0,0.25,0.25,0.0,0.4799999999999999,0.4799999999999999,0.0,0.478223258612908,0.478223258612908,0.0,0.8950921893119812,0.8950921893119812,0.0
2626,0.0450165133472524,0.0510202803552875,0.0060037670080351005,0.25,0.25,0.0,0.037037037037037,0.037037037037037,0.0,0.1785714285714285,0.1785714285714285,0.0,0.1785714285714285,0.2229794998390039,0.0444080712675754,0.778477668762207,0.7801666855812073,0.0016890168190002441
2627,0.1039419656808135,0.1592795872731323,0.055337621592318795,0.3661971830985915,0.4736842105263157,0.1074870274277242,0.1739130434782608,0.2162162162162162,0.04230317273795539,0.3098591549295775,0.2894736842105264,-0.020385470719051113,0.2469225587163548,0.3005588006582635,0.05363624194190872,0.8426477313041687,0.8473039269447327,0.004656195640563965
2628,0.0256717622643807,0.0325074480275954,0.006835685763214701,0.4,0.4190476190476191,0.01904761904761909,0.1632653061224489,0.1553398058252427,-0.007925500297206206,0.32,0.3047619047619047,-0.015238095238095328,0.2467249019249141,0.2677712031558185,0.021046301230904396,0.8660687208175659,0.8543397188186646,-0.011729001998901367
2629,0.0690902707749301,0.2542471400216594,0.18515686924672928,0.5652173913043479,0.65,0.08478260869565213,0.1363636363636363,0.3684210526315788,0.23205741626794252,0.3043478260869565,0.45,0.14565217391304353,0.4072815205627705,0.6478298611111111,0.24054834054834057,0.8848780393600464,0.9126126170158386,0.027734577655792236
2631,0.0580819220654189,0.0730214675375232,0.014939545472104299,0.4418604651162791,0.4523809523809524,0.010520487264673306,0.119047619047619,0.1463414634146341,0.02729384436701511,0.3023255813953488,0.3095238095238095,0.00719822812846066,0.2669101025908537,0.267748124890982,0.0008380223001283049,0.8491972088813782,0.8525764346122742,0.003379225730895996
2632,0.0964763170112022,0.0849073738230947,-0.0115689431881075,0.4615384615384615,0.3448275862068965,-0.11671087533156499,0.1904761904761904,0.1428571428571428,-0.047619047619047616,0.3384615384615384,0.3448275862068965,0.006366047745358094,0.4901065449010655,0.3579209461562403,-0.13218559874482516,0.8780869841575623,0.852556586265564,-0.02553039789199829
2633,0.0094837738422145,0.015594708148339,0.006110934306124499,0.1739130434782608,0.2564102564102564,0.08249721293199558,0.0530973451327433,0.0869565217391304,0.033859176606387105,0.1391304347826087,0.1538461538461538,0.014715719063545102,0.1028218920765027,0.1386041439476553,0.035782251871152596,0.8028712868690491,0.8072786927223206,0.004407405853271484
2636,0.2505505699279975,0.1936385685858276,-0.05691200134216992,0.6027397260273972,0.5,-0.10273972602739723,0.3098591549295775,0.2580645161290322,-0.0517946388005453,0.5205479452054795,0.46875,-0.051797945205479534,0.5048442681578774,0.3872801285618704,-0.11756413959600703,0.9068615436553956,0.8796240091323853,-0.027237534523010365
2637,0.0178205134815267,0.0273062749321618,0.009485761450635101,0.3058823529411765,0.3749999999999999,0.0691176470588234,0.072289156626506,0.1063829787234042,0.03409382209689821,0.2117647058823529,0.25,0.03823529411764709,0.1617116261398176,0.2444844405126275,0.0827728143728099,0.8412628769874573,0.8447116613388062,0.003448784351348877
2638,0.2949838873657938,0.2949838873657938,0.0,0.6086956521739131,0.6086956521739131,0.0,0.3582089552238806,0.3582089552238806,0.0,0.6086956521739131,0.6086956521739131,0.0,0.514240506329114,0.514240506329114,0.0,0.9341087341308594,0.9341087341308594,0.0
2639,0.1698918318799358,0.1203440314450333,-0.049547800434902506,0.5135135135135135,0.5151515151515151,0.0016380016380016515,0.2777777777777777,0.3125,0.03472222222222232,0.4324324324324324,0.5151515151515151,0.08271908271908274,0.3599280922198748,0.3443862275449103,-0.015541864674964545,0.9029279947280884,0.9030395150184632,0.00011152029037486688
2640,0.1928296092122899,0.2397019990719737,0.04687238985968381,0.6764705882352942,0.7536231884057971,0.07715260017050296,0.303030303030303,0.3582089552238806,0.05517865219357759,0.5294117647058824,0.4637681159420289,-0.06564364876385348,0.5560494823768122,0.6428775743707092,0.08682809199389707,0.9275238513946532,0.9239211082458496,-0.0036027431488036
2642,0.0014032750333546,0.0065573000768388,0.0051540250434842,0.1777777777777777,0.2456140350877193,0.06783625730994161,0.0112359550561797,0.0710059171597633,0.0597699621035836,0.1222222222222222,0.1988304093567251,0.0766081871345029,0.0834419546286538,0.1031513513513513,0.019709396722697503,0.7670258283615112,0.7851517200469971,0.01812589168548584
2643,0.0710359901575742,0.1142211983450883,0.043185208187514104,0.5,0.4727272727272727,-0.027272727272727282,0.1999999999999999,0.1886792452830188,-0.011320754716981102,0.3461538461538461,0.3272727272727272,-0.018881118881118875,0.4981557853159851,0.483478459257006,-0.01467732605897909,0.8309746980667114,0.8338545560836792,0.0028798580169677734
2644,0.0079127441798614,0.0046261043527716,-0.0032866398270897995,0.208,0.1463414634146341,-0.06165853658536588,0.0,0.0,0.0,0.096,0.08130081300813,-0.014699186991870006,0.1124630905511811,0.0594648166501486,-0.052998273901032504,0.7788559198379517,0.7589280605316162,-0.01992785930633545
2645,0.4160894995426926,0.3404191631842839,-0.0756703363584087,0.638888888888889,0.6666666666666666,0.02777777777777768,0.4571428571428571,0.4482758620689655,-0.008866995073891548,0.4444444444444444,0.4666666666666667,0.022222222222222254,0.6520159460499635,0.5561097256857855,-0.09590622036417795,0.9120806455612184,0.921045422554016,0.00896477699279763
2646,0.1683390465302144,0.1240526089018045,-0.04428643762840989,0.4931506849315069,0.5396825396825398,0.046531854751032886,0.2253521126760563,0.2622950819672131,0.036942969291156785,0.3287671232876712,0.3174603174603174,-0.011306805827353827,0.3589934070015785,0.3984699769053118,0.03947656990373327,0.8671284914016724,0.8732531666755676,0.006124675273895264
2647,0.1533651612747668,0.1459503980602388,-0.007414763214527997,0.4772727272727272,0.5901639344262295,0.11289120715350232,0.2325581395348837,0.4067796610169492,0.1742215214820655,0.3181818181818182,0.4262295081967213,0.10804769001490311,0.4354864686248701,0.3968885281385281,-0.03859794048634202,0.8794722557067871,0.9129639267921448,0.033491671085357666
2651,0.2717155960377981,0.3975676144964635,0.1258520184586654,0.6206896551724139,0.6785714285714286,0.05788177339901468,0.3571428571428571,0.4444444444444444,0.08730158730158732,0.4827586206896552,0.6071428571428571,0.1243842364532019,0.6573776348695962,0.7328990228013029,0.07552138793170671,0.9222317934036256,0.9168215990066528,-0.005410194396972767
2652,0.1087893137390277,0.1124271484482718,0.0036378347092441005,0.4166666666666666,0.46875,0.052083333333333426,0.1428571428571428,0.1612903225806451,0.018433179723502308,0.2777777777777778,0.34375,0.06597222222222221,0.2830014749262536,0.3602045984630104,0.07720312353675679,0.8407630324363708,0.8482391834259033,0.007476150989532471
2653,0.2176073713001547,0.2016478677355272,-0.015959503564627497,0.4571428571428571,0.4615384615384615,0.0043956043956044355,0.2352941176470588,0.2539682539682539,0.018674136321195106,0.3714285714285714,0.3999999999999999,0.028571428571428525,0.480998631119223,0.4274184149184149,-0.05358021620080805,0.8905658721923828,0.8886049389839172,-0.001960933208465576
2654,0.057167896808994,0.0497469264729787,-0.007420970336015298,0.2745098039215686,0.25,-0.024509803921568596,0.0816326530612244,0.074074074074074,-0.0075585789871503994,0.2352941176470588,0.2142857142857142,-0.021008403361344602,0.181159420289855,0.1950354609929078,0.013876040703052817,0.7886986136436462,0.7892695665359497,0.0005709528923034668
2655,0.1513851459876605,0.2485412237642759,0.09715607777661539,0.4155844155844156,0.5,0.08441558441558439,0.1866666666666666,0.3103448275862069,0.12367816091954031,0.3116883116883117,0.4333333333333333,0.12164502164502161,0.4068658972710145,0.3622482131254061,-0.044617684145608405,0.8775507807731628,0.8901331424713135,0.012582361698150635
2657,0.0103552744057691,0.0145538847293981,0.0041986103236290005,0.2388059701492537,0.1333333333333333,-0.1054726368159204,0.0307692307692307,0.0,-0.0307692307692307,0.1492537313432836,0.1333333333333333,-0.015920398009950293,0.2927965167548501,0.131578947368421,-0.1612175693864291,0.8146277666091919,0.7886937856674194,-0.02593398094177246
2658,0.1103961143255211,0.1130754819386742,0.0026793676131530997,0.463768115942029,0.5172413793103449,0.05347326336831587,0.1791044776119403,0.2142857142857142,0.0351812366737739,0.3768115942028985,0.4482758620689654,0.07146426786606691,0.401558524173028,0.4024496937882765,0.0008911696152484883,0.87237548828125,0.8890772461891174,0.01670175790786743
2659,0.1615331678101312,0.1211975190990966,-0.040335648711034594,0.5901639344262296,0.5423728813559322,-0.04779105307029741,0.1694915254237288,0.1403508771929824,-0.029140648230746413,0.3278688524590163,0.4067796610169491,0.07891080855793281,0.5037079397874853,0.4149326347305389,-0.08877530505694642,0.903742015361786,0.8996121883392334,-0.004129827022552601
2660,0.0469966580003353,0.0629082040655345,0.015911546065199206,0.3103448275862069,0.3829787234042553,0.07263389581804841,0.0714285714285714,0.0888888888888888,0.0174603174603174,0.2068965517241379,0.2553191489361702,0.04842259721203229,0.2459016393442623,0.327366441457129,0.08146480211286672,0.8284226655960083,0.8303283452987671,0.001905679702758789
2661,0.1184261012184125,0.0959852412980577,-0.0224408599203548,0.4444444444444445,0.4444444444444444,-5.551115123125783e-17,0.1395348837209302,0.1153846153846153,-0.02415026833631491,0.3555555555555555,0.3333333333333333,-0.0222222222222222,0.3259759056659997,0.4065619574652778,0.08058605179927808,0.8655983805656433,0.8730770349502563,0.007478654384613037
2662,0.1450407541438382,0.2216919455422299,0.07665119139839169,0.4081632653061224,0.4864864864864864,0.078323221180364,0.2127659574468085,0.2857142857142857,0.07294832826747719,0.3673469387755102,0.4864864864864864,0.11913954771097618,0.4225478737750607,0.4498894191595856,0.02734154538452488,0.8221428990364075,0.8178925514221191,-0.00425034761428833
2663,0.1247692379537935,0.1167953283122169,-0.007973909641576599,0.5,0.4799999999999999,-0.020000000000000073,0.2222222222222222,0.25,0.02777777777777779,0.3571428571428571,0.36,0.0028571428571428914,0.3712907622942225,0.2969608896190055,-0.07432987267521696,0.8690779805183411,0.8632684946060181,-0.005809485912322998
2664,0.0371452386195357,0.0374237234178286,0.0002784847982928995,0.2903225806451613,0.3050847457627119,0.014762165117550574,0.0666666666666666,0.0701754385964912,0.0035087719298246,0.2258064516129032,0.2711864406779661,0.04537998906506291,0.2780242531795327,0.2657516181089382,-0.012272635070594506,0.8504665493965149,0.8484272956848145,-0.0020392537117004395
2665,0.1424397551427719,0.2828552846587805,0.1404155295160086,0.6060606060606061,0.5901639344262295,-0.01589667163437658,0.15625,0.3050847457627119,0.14883474576271188,0.303030303030303,0.4590163934426229,0.15598609041231992,0.5686936936936937,0.6052261319271915,0.03653243823349783,0.9087814092636108,0.9057664275169371,-0.003014981746673695
2666,0.0249109799725709,0.0333246914741043,0.008413711501533402,0.2352941176470588,0.3673469387755101,0.13205282112845132,0.0,0.0425531914893617,0.0425531914893617,0.1470588235294117,0.2857142857142857,0.138655462184874,0.2256413523615358,0.2266590295393175,0.0010176771777817006,0.7884692549705505,0.7901814579963684,0.001712203025817871
2667,0.0994331256564067,0.1062251311026331,0.006792005446226393,0.4347826086956521,0.5416666666666666,0.10688405797101452,0.0909090909090909,0.2173913043478261,0.12648221343873522,0.3478260869565217,0.5,0.15217391304347833,0.3775887573964496,0.5431671579307105,0.16557840053426087,0.8931635022163391,0.902195692062378,0.00903218984603893
2668,0.1556212517133316,0.1643434939684039,0.008722242255072288,0.3999999999999999,0.48,0.08000000000000007,0.1860465116279069,0.2083333333333333,0.022286821705426396,0.3999999999999999,0.36,-0.039999999999999925,0.4265202702702703,0.5537280701754386,0.12720779990516828,0.8187412619590759,0.8444628119468689,0.02572154998779297
2669,0.0514517301284691,0.0489483730190427,-0.0025033571094263962,0.2424242424242424,0.2258064516129032,-0.01661779081133921,0.09375,0.0999999999999999,0.0062499999999998945,0.1212121212121212,0.1290322580645161,0.007820136852394896,0.1896051433773327,0.2303832116788321,0.04077806830149941,0.822169840335846,0.8242388367652893,0.0020689964294433594
2670,0.0606241610849351,0.0298263140556444,-0.030797847029290705,0.3893805309734513,0.3043478260869565,-0.08503270488649484,0.1441441441441441,0.0666666666666666,-0.07747747747747749,0.2654867256637168,0.1956521739130435,-0.0698345517506733,0.285244753191293,0.1645846741949953,-0.12066007899629769,0.8319367170333862,0.8149886131286621,-0.01694810390472412
2671,0.07838844608918,0.0946090811248817,0.016220635035701703,0.2682926829268293,0.3333333333333333,0.06504065040650403,0.1,0.1142857142857142,0.014285714285714193,0.1463414634146341,0.2499999999999999,0.10365853658536578,0.2298191144708423,0.2359340354767183,0.0061149210058759895,0.8507689237594604,0.8825351595878601,0.03176623582839966
2672,0.2062275910257771,0.3032387136148374,0.0970111225890603,0.5483870967741935,0.6046511627906976,0.05626406601650413,0.2666666666666666,0.3902439024390244,0.1235772357723578,0.4193548387096774,0.5581395348837209,0.13878469617404354,0.5507073761042015,0.5022544283413849,-0.04845294776281661,0.8959532380104065,0.9007067680358887,0.004753530025482178
2673,0.0755425831632615,0.0142818180260939,-0.0612607651371676,0.3684210526315789,0.2666666666666666,-0.10175438596491232,0.1081081081081081,0.0,-0.1081081081081081,0.263157894736842,0.2,-0.06315789473684197,0.3420231729055258,0.1540616246498599,-0.1879615482556659,0.8299029469490051,0.8060583472251892,-0.023844599723815918
2674,0.0269754674190367,0.0246703965716905,-0.0023050708473461995,0.303030303030303,0.2903225806451613,-0.012707722385141673,0.03125,0.0333333333333333,0.002083333333333298,0.2424242424242424,0.2580645161290323,0.015640273704789903,0.1975390156062424,0.17567791005291,-0.0218611055533324,0.8435209393501282,0.8380522727966309,-0.0054686665534973145
2676,0.0839112009622998,0.0180704617580605,-0.0658407392042393,0.4038461538461538,0.3582089552238806,-0.04563719862227322,0.0980392156862745,0.0923076923076922,-0.005731523378582293,0.2307692307692307,0.2686567164179105,0.0378874856486798,0.3401753558566284,0.1921121709553386,-0.14806318490128978,0.8453607559204102,0.8245922923088074,-0.020768463611602783
2677,0.1371987337906339,0.1371987337906339,0.0,0.5217391304347826,0.5217391304347826,0.0,0.1791044776119403,0.1791044776119403,0.0,0.3768115942028986,0.3768115942028986,0.0,0.4179328882614279,0.4179328882614279,0.0,0.8951534628868103,0.8951534628868103,0.0
2679,0.0509199677936202,0.0232247167764305,-0.0276952510171897,0.28125,0.2222222222222222,-0.05902777777777779,0.0967741935483871,0.0769230769230769,-0.019851116625310194,0.1875,0.1851851851851852,-0.0023148148148147973,0.2395443196004994,0.1551111516034985,-0.0844331679970009,0.8206375241279602,0.8177797198295593,-0.002857804298400879
2680,0.0780818244908665,0.2265580785773815,0.148476254086515,0.4571428571428572,0.5660377358490566,0.1088948787061994,0.2058823529411765,0.2745098039215686,0.06862745098039211,0.3428571428571428,0.3773584905660377,0.0345013477088949,0.400707757850615,0.4728015502017659,0.07209379235115088,0.8670625686645508,0.8840849995613098,0.017022430896759033
2681,0.0703562909024701,0.0703562909024701,0.0,0.3820224719101123,0.3820224719101123,0.0,0.160919540229885,0.160919540229885,0.0,0.2921348314606741,0.2921348314606741,0.0,0.2625912750421269,0.2625912750421269,0.0,0.8671430349349976,0.8659672141075134,-0.0011758208274841309
2683,0.0528384526988245,0.0629082040655345,0.010069751366710004,0.339622641509434,0.3829787234042553,0.04335608189482132,0.0784313725490196,0.0888888888888888,0.010457516339869188,0.2264150943396226,0.2553191489361702,0.0289040545965476,0.25,0.327366441457129,0.07736644145712901,0.8438019752502441,0.8405987620353699,-0.0032032132148742676
2684,0.1180638680727807,0.117338085031332,-0.0007257830414486993,0.449438202247191,0.4545454545454545,0.005107252298263476,0.1839080459770115,0.1860465116279069,0.002138465650895399,0.3370786516853932,0.3409090909090909,0.0038304392236976903,0.3034855769230768,0.3167775771357231,0.01329200021264626,0.8641220331192017,0.8710466027259827,0.006924569606781006
2685,0.1591468333991059,0.1416388290941638,-0.017508004304942093,0.4545454545454546,0.4583333333333333,0.003787878787878729,0.1875,0.2608695652173913,0.0733695652173913,0.393939393939394,0.4583333333333333,0.06439393939393934,0.3722589331311224,0.3418216398985629,-0.030437293232559504,0.8488680124282837,0.8608765602111816,0.01200854778289795
2686,0.0836743713459506,0.1352045976914347,0.0515302263454841,0.360655737704918,0.3428571428571428,-0.017798594847775184,0.135593220338983,0.1818181818181818,0.0462249614791988,0.2950819672131147,0.3428571428571428,0.04777517564402811,0.5017592592592593,0.3277483833039388,-0.17401087595532055,0.8801785111427307,0.8589566946029663,-0.021221816539764404
2687,0.2132345757860049,0.0532555360446852,-0.15997903974131972,0.5555555555555556,0.4193548387096774,-0.1362007168458782,0.3428571428571428,0.1333333333333333,-0.2095238095238095,0.5,0.3548387096774194,-0.14516129032258063,0.4368471035137702,0.2567759731359649,-0.1800711303778053,0.8990654945373535,0.8680245280265808,-0.031040966510772705
2688,0.0553029640824515,0.0176071525501688,-0.0376958115322827,0.4285714285714285,0.3673469387755101,-0.06122448979591838,0.0727272727272727,0.0416666666666666,-0.031060606060606094,0.2321428571428571,0.2244897959183673,-0.007653061224489804,0.2809973229895105,0.1711578940519297,-0.10983942893758084,0.8505235314369202,0.8435305953025818,-0.006992936134338379
2689,0.0127171921007474,0.0020788879317472,-0.0106383041690002,0.3270440251572327,0.217391304347826,-0.10965272080940669,0.1019108280254777,0.0735294117647058,-0.028381416260771897,0.2012578616352201,0.144927536231884,-0.0563303254033361,0.1539983844911146,0.0918592564113517,-0.062139128079762906,0.8297456502914429,0.815832793712616,-0.013912856578826904
2690,0.1353740013133716,0.2836333546236736,0.14825935331030202,0.463768115942029,0.5405405405405406,0.07677242459851158,0.208955223880597,0.3611111111111111,0.1521558872305141,0.3478260869565217,0.4594594594594595,0.11163337250293781,0.3460800438596491,0.4434803567124608,0.0974003128528117,0.8809784650802612,0.9028888940811156,0.02191042900085438
2691,0.0294796347889861,0.0293901074712852,-8.952731770089928e-05,0.2823529411764705,0.2528735632183908,-0.0294793779580797,0.0481927710843373,0.0235294117647058,-0.024663359319631505,0.1411764705882352,0.1379310344827586,-0.003245436105476618,0.2171381255637984,0.1917503831661234,-0.025387742397675023,0.8316149711608887,0.814513623714447,-0.01710134744644165
2692,0.033692459305195,0.0270182643949041,-0.006674194910290903,0.375,0.3050847457627119,-0.06991525423728812,0.064516129032258,0.0350877192982456,-0.029428409734012395,0.21875,0.2372881355932203,0.01853813559322029,0.2357945645363408,0.1877473847893695,-0.048047179746971286,0.8596795797348022,0.8419046998023987,-0.017774879932403564
2693,0.1125274378572043,0.1071302508083388,-0.005397187048865507,0.6557377049180327,0.5074626865671641,-0.14827501835086865,0.2033898305084745,0.123076923076923,-0.0803129074315515,0.3934426229508197,0.2985074626865671,-0.09493516026425264,0.4371928166351607,0.4018675447246875,-0.03532527191047319,0.9035789966583252,0.8857936859130859,-0.017785310745239258
2694,0.1942053406068837,0.185552092890441,-0.008653247716442686,0.5517241379310345,0.5172413793103449,-0.03448275862068961,0.25,0.2142857142857142,-0.03571428571428581,0.4482758620689655,0.4137931034482758,-0.034482758620689724,0.4867414894454102,0.4009463722397476,-0.08579511720566257,0.8972417712211609,0.8930558562278748,-0.004185914993286133
2695,0.1050064613650009,0.120414235324718,0.015407773959717097,0.3076923076923076,0.3999999999999999,0.09230769230769231,0.1269841269841269,0.1666666666666666,0.03968253968253971,0.2769230769230769,0.36,0.0830769230769231,0.3134585289514867,0.4045968382937384,0.0911383093422517,0.8457189202308655,0.8272984623908997,-0.01842045783996582
2696,0.0180254698013317,0.0154787100614104,-0.0025467597399213004,0.2528735632183908,0.271604938271605,0.018731375053214205,0.0235294117647058,0.0253164556962025,0.0017870439314967013,0.1379310344827586,0.1481481481481481,0.010217113665389521,0.1544860940065681,0.1478774455518641,-0.006608648454703991,0.818446159362793,0.8161759376525879,-0.002270221710205078
2698,0.1122650134950374,0.1191066122871594,0.006841598792121997,0.3846153846153846,0.5283018867924529,0.14368650217706835,0.1599999999999999,0.1568627450980392,-0.003137254901960679,0.3076923076923076,0.339622641509434,0.0319303338171264,0.3804629917990241,0.4615021656544147,0.08103917385539061,0.8599662184715271,0.8658958077430725,0.00592958927154541
2699,0.1258234657015629,0.0925476124974776,-0.033275853204085284,0.4736842105263157,0.4347826086956521,-0.0389016018306636,0.2162162162162162,0.1791044776119402,-0.037111738604275996,0.3947368421052631,0.3768115942028985,-0.017925247902364605,0.3122308739605705,0.2917360073585317,-0.020494866602038753,0.8840176463127136,0.8692276477813721,-0.014789998531341553
2700,0.2151928686623066,0.1944903088576695,-0.020702559804637116,0.392156862745098,0.4074074074074074,0.015250544662309407,0.2448979591836734,0.2307692307692307,-0.01412872841444271,0.392156862745098,0.3703703703703703,-0.021786492374727684,0.4205335824769023,0.4392345173363463,0.018700934859443963,0.836341917514801,0.8295466899871826,-0.006795227527618408
2701,0.0510202803552875,0.0722243869031594,0.021204106547871894,0.2545454545454546,0.3255813953488372,0.0710359408033826,0.0754716981132075,0.0975609756097561,0.0220892774965486,0.2181818181818181,0.2790697674418604,0.06088794926004232,0.195729537366548,0.2871410736579275,0.09141153629137952,0.7882619500160217,0.7820764780044556,-0.006185472011566162
2702,0.0786536584223721,0.026098820271185,-0.0525548381511871,0.3508771929824562,0.2,-0.15087719298245617,0.109090909090909,0.0588235294117647,-0.050267379679144304,0.2807017543859649,0.1428571428571428,-0.1378446115288221,0.3355883492637561,0.2390173928635467,-0.09657095640020938,0.8594638109207153,0.8288874626159668,-0.030576348304748535
2704,0.0107574671257357,0.0073586028226746,-0.0033988643030610994,0.3283582089552239,0.2764227642276423,-0.0519354447275816,0.0909090909090909,0.0826446280991735,-0.008264462809917397,0.2238805970149253,0.2439024390243902,0.020021842009464913,0.1738584050206017,0.1404355574232307,-0.03342284759737102,0.8282776474952698,0.8191416263580322,-0.009136021137237549
2705,0.0721475093102872,0.1751489536280261,0.1030014443177389,0.2666666666666666,0.3636363636363636,0.09696969696969698,0.1395348837209302,0.2580645161290322,0.11852963240810199,0.2666666666666666,0.3636363636363636,0.09696969696969698,0.4282583841463414,0.4682291666666666,0.03997078252032521,0.7938417792320251,0.8166897892951965,0.022848010063171387
2706,0.1786486639081201,0.0688964092602611,-0.109752254647859,0.4482758620689655,0.4150943396226415,-0.03318152244632405,0.2142857142857143,0.1176470588235294,-0.0966386554621849,0.2758620689655172,0.2641509433962264,-0.01171112556929077,0.3802710843373494,0.2412102129815608,-0.1390608713557886,0.8344056606292725,0.8259872198104858,-0.008418440818786621
2708,0.0910532560266199,0.0492034410090921,-0.0418498150175278,0.5,0.4112149532710279,-0.08878504672897208,0.2203389830508474,0.1904761904761904,-0.029862792574656988,0.2833333333333333,0.2429906542056074,-0.04034267912772593,0.2744295480624334,0.2447443862351375,-0.029685161827295914,0.8787357807159424,0.8670348525047302,-0.011700928211212158
2709,0.0728046381115831,0.1087866108869964,0.035981972775413304,0.4186046511627907,0.3294117647058823,-0.08919288645690843,0.1428571428571428,0.1204819277108433,-0.02237521514629949,0.2790697674418604,0.2117647058823529,-0.0673050615595075,0.2947540169545632,0.2733333333333333,-0.021420683621229897,0.8773192763328552,0.8503550887107849,-0.026964187622070312
2710,0.1244098630824862,0.173431407001592,0.04902154391910579,0.4390243902439024,0.4615384615384615,0.022514071294559124,0.2249999999999999,0.2022471910112359,-0.022752808988764,0.3902439024390244,0.3956043956043956,0.005360493165371183,0.217132282579151,0.2252148626817448,0.0080825801025938,0.8850905895233154,0.8762272596359253,-0.008863329887390137
2711,0.101046369324021,0.1482046445185629,0.04715827519454191,0.4193548387096774,0.4571428571428571,0.03778801843317969,0.1666666666666666,0.2058823529411765,0.03921568627450989,0.3548387096774193,0.3142857142857143,-0.04055299539170504,0.3140547263681592,0.4031630170316302,0.08910829066347103,0.8876835703849792,0.8860756754875183,-0.0016078948974609375
2712,0.0629122286710889,0.1601125708485386,0.09720034217744972,0.3673469387755102,0.4285714285714285,0.06122448979591827,0.0851063829787234,0.15,0.06489361702127659,0.2857142857142857,0.2857142857142857,0.0,0.3305340223944875,0.3802710843373494,0.049737061942861927,0.8238314390182495,0.8427613377571106,0.018929898738861084
2713,0.1421169690254301,0.0532159904559068,-0.08890097856952331,0.4646464646464646,0.52,0.05535353535353543,0.2061855670103093,0.2040816326530612,-0.002103934357248094,0.3434343434343434,0.3,-0.043434343434343436,0.3041071324145727,0.3397562209305295,0.03564908851595677,0.8458253741264343,0.8381698131561279,-0.0076555609703063965
2714,0.1651928426336673,0.1492771818265835,-0.015915660807083787,0.3921568627450981,0.3749999999999999,-0.0171568627450982,0.2040816326530612,0.2173913043478261,0.013309671694764907,0.2745098039215686,0.2916666666666667,0.01715686274509809,0.4760904361744697,0.4575779721351281,-0.018512464039341647,0.8328019380569458,0.8199574947357178,-0.012844443321228027
2715,0.0360948712647418,0.0247147631733396,-0.011380108091402198,0.3333333333333333,0.3409090909090909,0.007575757575757569,0.0454545454545454,0.0232558139534883,-0.0221987315010571,0.2222222222222222,0.2272727272727272,0.005050505050505,0.1710516467065868,0.1642471830545894,-0.006804463651997383,0.8344834446907043,0.8340421915054321,-0.0004412531852722168
2716,0.040837056652097,0.0079992101551956,-0.0328378464969014,0.2823529411764706,0.1290322580645161,-0.1533206831119545,0.0481927710843373,0.0,-0.0481927710843373,0.188235294117647,0.096774193548387,-0.09146110056926,0.1945605828538312,0.0639658848614072,-0.130594697992424,0.8034909963607788,0.7587008476257324,-0.04479014873504639
2717,0.1556212517133316,0.1234544392153386,-0.03216681249799301,0.4285714285714286,0.36,-0.06857142857142862,0.2,0.1666666666666666,-0.03333333333333341,0.3809523809523809,0.32,-0.06095238095238087,0.4373219373219373,0.3866457825733844,-0.050676154748552915,0.8364876508712769,0.837161123752594,0.0006734728813171387
2718,0.1834695430378557,0.0713699496069961,-0.11209959343085961,0.619718309859155,0.5128205128205128,-0.10689779703864222,0.3188405797101449,0.1842105263157894,-0.1346300533943555,0.5070422535211269,0.3076923076923077,-0.19934994582881915,0.4497556935817804,0.3872699386503067,-0.062485754931473736,0.9203633666038512,0.906403660774231,-0.01395970582962025
2719,0.1360807146667766,0.1034657744195907,-0.03261494024718589,0.359375,0.3546099290780142,-0.004765070921985803,0.1904761904761904,0.1294964028776978,-0.060979787598492596,0.296875,0.2127659574468085,-0.08410904255319149,0.2884301566579634,0.2654617020313985,-0.022968454626564883,0.8430531620979309,0.8289304971694946,-0.01412266492843628
2720,0.0483553373843498,0.0659378113045034,0.017582473920153593,0.2272727272727272,0.2631578947368421,0.03588516746411488,0.0952380952380952,0.1111111111111111,0.0158730158730159,0.1818181818181818,0.2105263157894737,0.028708133971291905,0.2209944751381215,0.3648843930635838,0.14388991792546227,0.8064110279083252,0.8038577437400818,-0.002553284168243408
2721,0.0218865330553085,0.0302743754512193,0.0083878423959108,0.3010752688172042,0.3018867924528302,0.000811523635625977,0.0439560439560439,0.0961538461538461,0.05219780219780221,0.2365591397849462,0.1886792452830188,-0.047879894501927395,0.1502398579522723,0.1680115032387759,0.0177716452865036,0.8448237180709839,0.8447534441947937,-7.027387619018555e-05
2722,0.0133707289916351,0.017614661392512,0.004243932400876898,0.2222222222222222,0.2954545454545454,0.0732323232323232,0.0759493670886075,0.0697674418604651,-0.006181925228142399,0.1481481481481481,0.1590909090909091,0.010942760942760976,0.1211571793468345,0.1377633711507293,0.016606191803894818,0.8229058384895325,0.8287156224250793,0.005809783935546875
2723,0.0235700905039628,0.0283614257478013,0.004791335243838499,0.2972972972972973,0.3037974683544304,0.006500171057133075,0.0277777777777777,0.0519480519480519,0.024170274170274203,0.1891891891891892,0.2278481012658228,0.038658912076633606,0.1880752300920368,0.2062136627906976,0.018138432698660806,0.8505024909973145,0.8475663065910339,-0.0029361844062805176
2724,0.0696591458716094,0.0905862017669371,0.0209270558953277,0.3870967741935484,0.5263157894736842,0.1392190152801358,0.1333333333333333,0.2181818181818181,0.08484848484848478,0.2258064516129032,0.3157894736842105,0.08998302207130732,0.3084688346883468,0.4261743683828307,0.11770553369448389,0.8477052450180054,0.8641983866691589,0.016493141651153564
2725,0.0229149884874006,0.0291968835859307,0.0062818950985301,0.1794871794871795,0.1999999999999999,0.020512820512820412,0.0263157894736842,0.0344827586206896,0.0081669691470054,0.1538461538461538,0.1999999999999999,0.0461538461538461,0.194554351134315,0.1908408408408408,-0.0037135102934741926,0.7992600798606873,0.80776047706604,0.008500397205352783
2726,0.2094492137259953,0.0691932818177781,-0.14025593190821717,0.4150943396226415,0.3555555555555555,-0.05953878406708596,0.2352941176470588,0.1395348837209302,-0.09575923392612859,0.3773584905660378,0.3555555555555555,-0.021802935010482305,0.3778541119418064,0.2530612244897959,-0.1247928874520105,0.8355449438095093,0.8009587526321411,-0.034586191177368164
2727,0.1131118216903726,0.1164091565552381,0.0032973348648655115,0.3611111111111111,0.4444444444444444,0.08333333333333331,0.1142857142857142,0.1311475409836065,0.01686182669789231,0.1944444444444444,0.2857142857142857,0.0912698412698413,0.3210894044227377,0.3577816975764878,0.03669229315375011,0.8817910552024841,0.8906409740447998,0.008849918842315674
2728,0.023582946288896,0.0230173271793167,-0.0005656191095793003,0.2278481012658228,0.1999999999999999,-0.027848101265822905,0.0,0.0,0.0,0.1518987341772152,0.0857142857142857,-0.0661844484629295,0.1547619047619047,0.1466992665036675,-0.00806263825823722,0.7829932570457458,0.8120830059051514,0.029089748859405518
2729,0.0506041192575621,0.0306801723859364,-0.0199239468716257,0.4561403508771929,0.3962264150943396,-0.05991393578285331,0.1428571428571428,0.1153846153846153,-0.0274725274725275,0.2456140350877193,0.2452830188679245,-0.0003310162197948108,0.2727059702344701,0.2093687148395371,-0.06333725539493298,0.861272931098938,0.8534718155860901,-0.0078011155128479
2730,0.2981797858119652,0.3316610675331894,0.03348128172122422,0.5294117647058822,0.5588235294117646,0.02941176470588236,0.2727272727272727,0.3333333333333333,0.06060606060606061,0.411764705882353,0.411764705882353,0.0,0.5186122522170058,0.5455962441314554,0.026983991914449557,0.9009393453598022,0.9073853492736816,0.0064460039138793945
2731,0.0613620475985282,0.0613620475985282,0.0,0.375,0.375,0.0,0.2,0.2,0.0,0.375,0.375,0.0,0.6384943181818182,0.6384943181818182,0.0,0.7914645075798035,0.7914645075798035,0.0
2733,0.0856383126169378,0.0180105671535798,-0.06762774546335801,0.4269662921348314,0.2777777777777778,-0.1491885143570536,0.1149425287356322,0.0,-0.1149425287356322,0.2696629213483146,0.1944444444444444,-0.07521847690387021,0.3452541610436347,0.1473684210526315,-0.1978857399910032,0.8474002480506897,0.8041736483573914,-0.04322659969329834
2734,0.2949838873657938,0.1885706060568183,-0.10641328130897548,0.6086956521739131,0.6153846153846153,0.006688963210702226,0.3582089552238806,0.3174603174603175,-0.04074863776356308,0.5797101449275363,0.5538461538461539,-0.025863991081382376,0.514240506329114,0.44926039445629,-0.06498011187282399,0.9344123601913452,0.9240750670433044,-0.010337293148040771
2735,0.0471158647221481,0.0557177981361368,0.008601933413988704,0.2222222222222222,0.25,0.02777777777777779,0.0930232558139534,0.1052631578947368,0.01223990208078339,0.1777777777777777,0.2,0.02222222222222231,0.2197802197802197,0.2272727272727272,0.007492507492507516,0.8032787442207336,0.7988700866699219,-0.004408657550811768
2737,0.1409748240769038,0.0272544414332277,-0.1137203826436761,0.2903225806451612,0.3209876543209876,0.030665073675826382,0.1333333333333333,0.0,-0.1333333333333333,0.2903225806451612,0.1975308641975308,-0.0927917164476304,0.2137553919917897,0.2541921746073995,0.04043678261560982,0.8309924602508545,0.7954371571540833,-0.03555530309677124
2738,0.1732971577197153,0.1365091307024097,-0.0367880270173056,0.4857142857142857,0.4838709677419354,-0.0018433179723503224,0.2647058823529412,0.3,0.03529411764705881,0.4285714285714286,0.4838709677419354,0.055299539170506784,0.3329377637130802,0.3283848643821855,-0.0045528993308947,0.8640485405921936,0.858677864074707,-0.005370676517486572
2739,0.1762069769448681,0.1411695104140478,-0.035037466530820294,0.5116279069767442,0.44,-0.0716279069767442,0.1951219512195121,0.1666666666666666,-0.02845528455284549,0.372093023255814,0.32,-0.052093023255814,0.520408163265306,0.5604288499025342,0.04002068663722813,0.9108127355575562,0.8900107741355896,-0.020801961421966553
2740,0.2252078147864862,0.1594934927751887,-0.06571432201129748,0.5569620253164557,0.4931506849315069,-0.06381134038494879,0.3636363636363636,0.2535211267605634,-0.11011523687580022,0.481012658227848,0.3561643835616438,-0.12484827466620418,0.4089929952484523,0.3430230702957975,-0.0659699249526548,0.9010054469108582,0.8915410041809082,-0.009464442729949951
2741,0.1467927119392132,0.1945429093516892,0.04775019741247599,0.5714285714285714,0.5172413793103449,-0.054187192118226535,0.2222222222222222,0.2857142857142857,0.06349206349206349,0.4285714285714285,0.4827586206896552,0.0541871921182267,0.4151672836789465,0.3960268317853457,-0.019140451893600807,0.902412474155426,0.8948999643325806,-0.007512509822845459
2742,0.117640693929682,0.1840320936121415,0.06639139968245951,0.3050847457627118,0.3720930232558139,0.06700827749310212,0.1403508771929824,0.1951219512195122,0.05477107402652981,0.2711864406779661,0.3720930232558139,0.10090658257784779,0.3157536647217698,0.3315985130111524,0.015844848289382596,0.8276205658912659,0.8136258721351624,-0.013994693756103516
2743,0.2180591284792299,0.268077126074219,0.05001799759498912,0.5066666666666667,0.5970149253731343,0.09034825870646757,0.1643835616438356,0.2769230769230769,0.11253951527924128,0.3466666666666667,0.3880597014925374,0.0413930348258707,0.4326563192904656,0.4914751131221719,0.058818793831706295,0.8903082609176636,0.907621443271637,0.01731318235397339
2744,0.0541909392472304,0.0597638564763693,0.005572917229138899,0.3461538461538461,0.3529411764705882,0.006787330316742113,0.0799999999999999,0.0816326530612245,0.0016326530612245926,0.2307692307692307,0.2352941176470588,0.004524886877828094,0.3383872166480862,0.3395227442207307,0.0011355275726445124,0.8369911909103394,0.83734530210495,0.0003541111946105957
2745,0.1175574320090803,0.0309957892795953,-0.086561642729485,0.4642857142857142,0.40625,-0.05803571428571419,0.1481481481481481,0.0967741935483871,-0.05137395459976102,0.3214285714285714,0.28125,-0.0401785714285714,0.4007936507936507,0.3625072561919505,-0.03828639460170019,0.8865501284599304,0.8638731241226196,-0.02267700433731079
2746,0.1199264328908868,0.2557530917715276,0.13582665888064083,0.4533333333333333,0.5454545454545455,0.09212121212121221,0.1095890410958904,0.25,0.1404109589041096,0.2933333333333333,0.393939393939394,0.1006060606060607,0.3737079247283328,0.4725690170564446,0.0988610923281118,0.8435977697372437,0.8692091107368469,0.02561134099960327
2747,0.2244694215827025,0.2391497403116964,0.01468031872899389,0.4838709677419354,0.5641025641025641,0.08023159636062871,0.3333333333333333,0.3783783783783783,0.045045045045044974,0.3548387096774194,0.358974358974359,0.004135649296939603,0.6044342315117938,0.4236886125883204,-0.18074561892347335,0.8816170692443848,0.9034686088562012,0.021851539611816406
2748,0.17833778918265,0.1263368596008161,-0.052000929581833916,0.5633802816901409,0.4918032786885246,-0.07157700300161629,0.2608695652173913,0.2711864406779661,0.010316875460574804,0.3380281690140845,0.360655737704918,0.02262756869083349,0.3850012540757461,0.3410030587914161,-0.043998195284329966,0.8915374875068665,0.8807142972946167,-0.010823190212249756
2749,0.17319679163687,0.255169316068259,0.081972524431389,0.5084745762711865,0.5757575757575757,0.06728299948638916,0.2456140350877193,0.34375,0.09813596491228069,0.4406779661016949,0.5454545454545455,0.10477657935285062,0.3670781893004115,0.5172328695454748,0.1501546802450633,0.862272322177887,0.8903216123580933,0.0280492901802063
2750,0.0114025532715034,0.0161256454822418,0.004723092210738399,0.24,0.2574257425742574,0.017425742574257386,0.0612244897959183,0.0808080808080808,0.019583591012162505,0.14,0.1386138613861386,-0.0013861386138614151,0.1322107852353199,0.1623307952622673,0.03012001002694739,0.7842761278152466,0.7978702187538147,0.013594090938568115
2751,0.2789924975655291,0.2274970702024018,-0.05149542736312726,0.576923076923077,0.5555555555555556,-0.021367521367521403,0.36,0.3076923076923077,-0.05230769230769228,0.5384615384615384,0.5185185185185186,-0.019943019943019835,0.5380116959064327,0.4796317804447885,-0.05837991546164423,0.9179653525352478,0.9010510444641112,-0.016914308071136586
2752,0.1542990784788842,0.025167065285356,-0.12913201319352818,0.4957264957264957,0.247191011235955,-0.2485354844905407,0.2260869565217391,0.0459770114942528,-0.1801099450274863,0.2905982905982905,0.1573033707865168,-0.13329491981177372,0.3764721158042122,0.1063829787234042,-0.270089137080808,0.8725512027740479,0.8294734954833984,-0.043077707290649414
2753,0.380744795009045,0.291225630181907,-0.08951916482713801,0.6086956521739131,0.7213114754098361,0.11261582323592301,0.4477611940298507,0.4745762711864406,0.026815077156589873,0.3768115942028985,0.4590163934426229,0.0822047992397244,0.6207328174783796,0.518734693877551,-0.1019981236008286,0.9055286645889282,0.9108576774597168,0.005329012870788574
2754,0.1371274973502105,0.1826249361348376,0.045497438784627114,0.4516129032258065,0.4705882352941176,0.01897533206831109,0.1666666666666666,0.2040816326530612,0.0374149659863946,0.3225806451612903,0.3529411764705882,0.03036053130929789,0.4935664831498165,0.4240219092331768,-0.06954457391663971,0.862998902797699,0.8599286675453186,-0.003070235252380371
2755,0.082190954442664,0.0151772767602307,-0.0670136776824333,0.4511278195488722,0.2857142857142857,-0.1654135338345865,0.1679389312977099,0.058252427184466,-0.1096865041132439,0.3157894736842105,0.1714285714285714,-0.1443609022556391,0.2845616934139306,0.1509318175584871,-0.1336298758554435,0.843111515045166,0.8046016693115234,-0.03850984573364258
2756,0.0851259143671024,0.02357904035174,-0.0615468740153624,0.2857142857142857,0.3076923076923076,0.0219780219780219,0.073170731707317,0.0526315789473684,-0.020539152759948602,0.2142857142857142,0.1794871794871794,-0.034798534798534786,0.2445825366475462,0.1735325969244097,-0.0710499397231365,0.8327639102935791,0.8154888153076172,-0.017275094985961914
2758,0.0281281174621464,0.0560231135752892,0.0278949961131428,0.3582089552238806,0.3188405797101449,-0.039368375513735676,0.0923076923076923,0.0895522388059701,-0.0027554535017221965,0.2686567164179105,0.2608695652173913,-0.0077871512005192045,0.2638510556496273,0.2619929496239258,-0.0018581060257015225,0.8521671295166016,0.8443930745124817,-0.007774055004119873
2759,0.1081800654145743,0.0408924288654479,-0.0672876365491264,0.3913043478260869,0.2921348314606742,-0.09916951636541271,0.2,0.0919540229885057,-0.1080459770114943,0.3260869565217391,0.2247191011235955,-0.10136785539814358,0.2752308550135317,0.177316861877125,-0.09791399313640667,0.8511117100715637,0.8286222815513611,-0.022489428520202637
2760,0.2472799768768468,0.1599738412076905,-0.08730613566915629,0.5384615384615384,0.4761904761904762,-0.062271062271062216,0.24,0.1639344262295081,-0.07606557377049189,0.4230769230769231,0.380952380952381,-0.042124542124542086,0.4356093048751242,0.4533381254602195,0.017728820585095284,0.8902533054351807,0.8844464421272278,-0.005806863307952881
2761,0.0400062329161597,0.0383629628154504,-0.0016432701007092973,0.2857142857142857,0.2476190476190476,-0.0380952380952381,0.0970873786407767,0.0776699029126213,-0.0194174757281554,0.1904761904761905,0.1714285714285714,-0.01904761904761909,0.1899931666385004,0.1694260485651214,-0.02056711807337902,0.8327504396438599,0.8346611261367798,0.0019106864929199219
2762,0.2348041539100034,0.0185037980721108,-0.2163003558378926,0.4516129032258064,0.3773584905660377,-0.07425441265976868,0.1999999999999999,0.0392156862745098,-0.1607843137254901,0.3225806451612903,0.1886792452830188,-0.13390139987827152,0.4084883260783538,0.1808449074074074,-0.22764341867094637,0.862371563911438,0.8261944055557251,-0.03617715835571289
2763,0.1827335731286557,0.1789638455431494,-0.0037697275855063106,0.5945945945945946,0.5135135135135135,-0.08108108108108114,0.25,0.2222222222222222,-0.02777777777777779,0.4324324324324324,0.4054054054054054,-0.02702702702702703,0.3807619047619048,0.3973232186842773,0.016561313922372478,0.8841434121131897,0.8790696263313293,-0.0050737857818603516
2764,0.0671408227362672,0.0690339666867842,0.0018931439505169984,0.2439024390243902,0.2439024390243902,0.0,0.1538461538461538,0.1538461538461538,0.0,0.2439024390243902,0.1951219512195122,-0.04878048780487801,0.4394531249999999,0.4429133858267716,0.0034602608267716994,0.7890644669532776,0.7878258228302002,-0.0012386441230773926
2766,0.0361204563788123,0.0299980262699692,-0.006122430108843103,0.3448275862068966,0.2978723404255319,-0.046955245781364674,0.1071428571428571,0.0444444444444444,-0.0626984126984127,0.2413793103448276,0.1702127659574468,-0.07116654438738079,0.3350257542310522,0.2041785375118708,-0.1308472167191814,0.8545120358467102,0.8422279953956604,-0.012284040451049805
2767,0.0981876007778294,0.2156770481570881,0.1174894473792587,0.4642857142857142,0.5777777777777778,0.11349206349206364,0.2592592592592593,0.372093023255814,0.1128337639965547,0.3214285714285714,0.3555555555555555,0.03412698412698412,0.3991073340621936,0.4346182917611489,0.03551095769895529,0.8894498348236084,0.8979920744895935,0.008542239665985107
2768,0.0826488904285104,0.0736790366360874,-0.008969853792423002,0.4347826086956521,0.4057971014492753,-0.02898550724637683,0.1791044776119403,0.1194029850746268,-0.059701492537313494,0.289855072463768,0.2608695652173913,-0.02898550724637672,0.3195892039830739,0.2800722385054919,-0.03951696547758199,0.8484926223754883,0.8461951613426208,-0.0022974610328674316
2769,0.0999069063271872,0.1165707445934733,0.016663838266286105,0.4736842105263158,0.4776119402985075,0.00392772977219169,0.1621621621621621,0.1846153846153846,0.02245322245322251,0.3157894736842105,0.3582089552238806,0.04241948153967007,0.3043725754764716,0.3711387736284001,0.06676619815192847,0.895579993724823,0.8897055387496948,-0.005874454975128174
2770,0.1007463747321463,0.1222563822583773,0.021510007526231,0.5074626865671641,0.5423728813559322,0.03491019478876811,0.1538461538461538,0.175438596491228,0.021592442645074206,0.3880597014925372,0.4406779661016949,0.052618264609157694,0.4574925214216904,0.4524451289949942,-0.005047392426696218,0.8829610347747803,0.9014489054679872,0.018487870693206898
2771,0.0179967397891658,0.0101076424138246,-0.0078890973753412,0.2051282051282051,0.2153846153846153,0.01025641025641022,0.0,0.0,0.0,0.1538461538461538,0.123076923076923,-0.0307692307692308,0.1052631578947368,0.081081081081081,-0.024182076813655792,0.8072441816329956,0.7950073480606079,-0.012236833572387695
2772,0.0454639549573682,0.0548536215158217,0.009389666558453504,0.2352941176470588,0.3333333333333333,0.09803921568627452,0.125,0.1764705882352941,0.0514705882352941,0.2352941176470588,0.3333333333333333,0.09803921568627452,0.2857142857142857,0.6563960280373832,0.3706817423230975,0.7646780014038086,0.7935218811035156,0.02884387969970703
2773,0.1863919357435272,0.2444139294477144,0.0580219937041872,0.5074626865671642,0.6451612903225806,0.13769860375541643,0.2153846153846153,0.3,0.08461538461538468,0.3880597014925372,0.5161290322580646,0.1280693307655274,0.3737908821640879,0.5034500779478457,0.12965919578375779,0.8852398991584778,0.9198296070098876,0.0345897078514098
2774,0.0592450633700479,0.0249007256780406,-0.0343443376920073,0.3728813559322033,0.3333333333333333,-0.03954802259886997,0.1052631578947368,0.0285714285714285,-0.0766917293233083,0.2711864406779661,0.2222222222222222,-0.04896421845574389,0.3403774527616278,0.2769132628404632,-0.0634641899211646,0.8324558734893799,0.8131483197212219,-0.01930755376815796
2775,0.2539542668072638,0.2118642280552859,-0.04209003875197789,0.6666666666666666,0.6666666666666665,-1.1102230246251565e-16,0.375,0.4230769230769231,0.04807692307692307,0.4848484848484848,0.4814814814814814,-0.003367003367003407,0.5951130452180873,0.4551880124399209,-0.13992503277816637,0.9309352040290833,0.9170025587081908,-0.013932645320892445
2776,0.0215976456838895,0.0064845207755301,-0.0151131249083594,0.2619047619047619,0.2758620689655172,0.013957307060755264,0.073170731707317,0.0235294117647058,-0.0496413199426112,0.2142857142857142,0.160919540229885,-0.05336617405582919,0.170655958011915,0.1585724486536257,-0.01208350935828928,0.8193331360816956,0.8112817406654358,-0.008051395416259766
2777,0.2082106400986599,0.205101444524204,-0.003109195574455881,0.5142857142857143,0.5217391304347826,0.007453416149068248,0.2647058823529412,0.2686567164179104,0.003950834064969211,0.4,0.4057971014492753,0.005797101449275255,0.4224933172085304,0.3968577681211712,-0.02563554908735921,0.9160370826721193,0.9085029363632202,-0.007534146308899037
2778,0.0668197467274435,0.0591493848238042,-0.007670361903639296,0.3888888888888888,0.4042553191489361,0.015366430260047304,0.0754716981132075,0.0869565217391304,0.011484823625922902,0.1851851851851852,0.1914893617021277,0.0063041765169424835,0.2337886676875957,0.1726844583987441,-0.0611042092888516,0.8065658807754517,0.8072178959846497,0.000652015209197998
2779,0.0236192183669392,0.0236192183669392,0.0,0.1111111111111111,0.1111111111111111,0.0,0.0,0.0,0.0,0.1111111111111111,0.1111111111111111,0.0,0.1893939393939394,0.1893939393939394,0.0,0.8128632307052612,0.8128632307052612,0.0
2780,0.0510202803552875,0.057167896808994,0.0061476164537064976,0.2545454545454546,0.2745098039215686,0.01996434937611402,0.0754716981132075,0.0816326530612244,0.006160954948016897,0.2181818181818181,0.2352941176470588,0.017112299465240705,0.2842563454016057,0.2695652173913043,-0.014691128010301424,0.786467969417572,0.7778517007827759,-0.008616268634796143
2781,0.0642957416998297,0.0607055111616445,-0.0035902305381851976,0.4186046511627906,0.4,-0.018604651162790586,0.0975609756097561,0.0930232558139534,-0.004537719795802697,0.1860465116279069,0.1777777777777777,-0.00826873385012919,0.3323636136136136,0.3293960813492063,-0.0029675322644073243,0.8606461882591248,0.8555148839950562,-0.0051313042640686035
2782,0.0414001197472175,0.0627592883999423,0.021359168652724796,0.2608695652173913,0.2799999999999999,0.01913043478260862,0.0597014925373134,0.0833333333333333,0.023631840796019904,0.2028985507246377,0.24,0.0371014492753623,0.2195945945945946,0.2725274725274725,0.0529328779328779,0.7786187529563904,0.7914186120033264,0.012799859046936035
2783,0.0102981063199946,0.0554788726675339,0.0451807663475393,0.2975206611570248,0.3555555555555555,0.05803489439853071,0.0672268907563025,0.1203007518796992,0.053073861123396696,0.2148760330578512,0.2518518518518519,0.03697581879400069,0.1403753291833364,0.1805622097165368,0.04018688053320041,0.8313633799552917,0.8457139134407043,0.014350533485412598
2784,0.255193258767661,0.3310901157962723,0.07589685702861126,0.5846153846153846,0.6785714285714286,0.09395604395604396,0.3492063492063492,0.5185185185185185,0.1693121693121693,0.5230769230769231,0.6785714285714286,0.1554945054945055,0.5356017643352237,0.5146166574738003,-0.020985106861423408,0.8998072147369385,0.91882985830307,0.01902264356613148
2785,0.2203442567798331,0.2242490113548945,0.0039047545750613977,0.4137931034482758,0.4615384615384615,0.04774535809018571,0.2857142857142857,0.3199999999999999,0.0342857142857142,0.3793103448275862,0.4615384615384615,0.08222811671087532,0.3955622676579926,0.4452085313688212,0.04964626371082864,0.8334708213806152,0.8610274791717529,0.027556657791137695
2786,0.2064149583331725,0.1949041749203996,-0.011510783412772896,0.696969696969697,0.7666666666666666,0.06969696969696959,0.28125,0.3103448275862069,0.029094827586206906,0.4545454545454545,0.4666666666666667,0.0121212121212122,0.5586119223877652,0.568632605266931,0.010020682879165799,0.9094552993774414,0.9166755080223083,0.007220208644866943
2787,0.222694535033348,0.1669327548510533,-0.05576178018229469,0.5357142857142857,0.5538461538461539,0.01813186813186818,0.2592592592592592,0.2539682539682539,-0.005291005291005291,0.3214285714285714,0.3384615384615385,0.017032967032967083,0.4585363135606711,0.4884835940057661,0.02994728044509498,0.8903189897537231,0.8909516930580139,0.0006327033042907715
2788,0.2206598690689583,0.2819782034509925,0.06131833438203421,0.6349206349206349,0.6774193548387096,0.042498719918074745,0.2622950819672131,0.3333333333333333,0.07103825136612024,0.3174603174603174,0.3870967741935484,0.06963645673323099,0.5775266792215945,0.596872521246459,0.019345842024864446,0.923921287059784,0.9344236254692078,0.010502338409423717
2789,0.0782051028847387,0.0328175290842747,-0.045387573800463994,0.2531645569620253,0.2727272727272727,0.01956271576524743,0.0779220779220779,0.0930232558139534,0.015101177891875497,0.2278481012658227,0.2045454545454545,-0.023302646720368192,0.2721435451075518,0.2708713375222395,-0.0012722075853122683,0.8540036082267761,0.8478447198867798,-0.006158888339996338
2790,0.0809345013366219,0.0705159049210617,-0.0104185964155602,0.4374999999999999,0.4642857142857142,0.0267857142857143,0.1612903225806451,0.1851851851851851,0.02389486260453999,0.28125,0.2857142857142857,0.004464285714285698,0.3333034406480734,0.3125,-0.02080344064807338,0.8896762728691101,0.8816823363304138,-0.007993936538696289
2791,0.2387143185725215,0.209463227976626,-0.029251090595895507,0.5172413793103449,0.4761904761904761,-0.041050903119868754,0.2857142857142857,0.2622950819672131,-0.023419203747072626,0.4827586206896552,0.4126984126984127,-0.07006020799124252,0.4523107177974435,0.4405636516921595,-0.011747066105283976,0.8869383335113525,0.889289140701294,0.0023508071899414062
2792,0.2896759690489345,0.2165633124447338,-0.07311265660420069,0.6060606060606061,0.5666666666666667,-0.039393939393939426,0.375,0.3103448275862069,-0.0646551724137931,0.5454545454545455,0.5333333333333333,-0.0121212121212122,0.518586882292976,0.4601,-0.058486882292975995,0.8824024200439453,0.9043253660202026,0.021922945976257324
2793,0.1543357008861283,0.1827806514720314,0.0284449505859031,0.4745762711864407,0.5833333333333334,0.10875706214689268,0.2105263157894736,0.2608695652173913,0.05034324942791771,0.3728813559322034,0.4583333333333333,0.08545197740112992,0.4826070336391438,0.4883227176220807,0.00571568398293687,0.8883216381072998,0.8959641456604004,0.007642507553100586
2794,0.0530254535189254,0.0242516531607022,-0.028773800358223203,0.2461538461538461,0.2424242424242424,-0.003729603729603709,0.0952380952380952,0.09375,-0.001488095238095205,0.1538461538461538,0.1515151515151515,-0.0023310023310023076,0.3381391857281638,0.295837159473523,-0.0423020262546408,0.8211992383003235,0.8001568913459778,-0.021042346954345703
2795,0.1102164990546276,0.0165764163631539,-0.0936400826914737,0.3853211009174312,0.3820224719101123,-0.0032986290073189206,0.1495327102803738,0.0689655172413793,-0.0805671930389945,0.2935779816513761,0.247191011235955,-0.046386970415421114,0.3329542177938679,0.2073409461663947,-0.1256132716274732,0.8533201813697815,0.832118570804596,-0.021201610565185547
2796,0.254112927697965,0.1363473836024047,-0.11776554409556031,0.425531914893617,0.4444444444444445,0.01891252955082745,0.3111111111111111,0.1923076923076923,-0.11880341880341883,0.425531914893617,0.3703703703703703,-0.05516154452324673,0.4993836291913214,0.3793630292338709,-0.12002059995745051,0.8449099659919739,0.8420112729072571,-0.002898693084716797
2797,0.2199761887018996,0.2547787765704113,0.0348025878685117,0.634920634920635,0.5555555555555556,-0.07936507936507942,0.360655737704918,0.3142857142857143,-0.04637002341920371,0.603174603174603,0.5,-0.10317460317460303,0.4508928571428572,0.4537860465116279,0.002893189368770699,0.918908417224884,0.8992998600006104,-0.01960855722427368
2798,0.0436939797457285,0.0418279385612123,-0.0018660411845161998,0.1923076923076923,0.25,0.05769230769230771,0.0799999999999999,0.074074074074074,-0.005925925925925904,0.1538461538461538,0.1428571428571428,-0.010989010989011005,0.1581027667984189,0.3095970273560125,0.15149426055759363,0.7921395301818848,0.7936345934867859,0.001495063304901123
2799,0.1864911285487532,0.1734649127077988,-0.013026215840954397,0.6206896551724138,0.6551724137931035,0.034482758620689724,0.25,0.2142857142857142,-0.03571428571428581,0.4137931034482758,0.4137931034482758,0.0,0.5372038705372039,0.5335914426823517,-0.0036124278548521627,0.9008948802947998,0.9004637598991394,-0.0004311203956604004
2801,0.0291822559425225,0.0249396845831479,-0.0042425713593746,0.2368421052631578,0.2368421052631578,0.0,0.027027027027027,0.027027027027027,0.0,0.1842105263157895,0.2105263157894736,0.026315789473684098,0.1590909090909091,0.1255707762557077,-0.03352013283520139,0.8082057237625122,0.8012040257453918,-0.007001698017120361
2802,0.2881445887031049,0.3346150227749663,0.04647043407186141,0.5172413793103449,0.5283018867924528,0.011060507482107962,0.3214285714285714,0.3529411764705882,0.031512605042016806,0.4137931034482758,0.4528301886792452,0.03903708523096938,0.5822879610559819,0.5487525996496406,-0.03353536140634128,0.8876317143440247,0.8928587436676025,0.005227029323577881
2803,0.2800953908997529,0.1866707021713832,-0.09342468872836968,0.625,0.5084745762711865,-0.11652542372881347,0.3225806451612903,0.2105263157894736,-0.11205432937181672,0.40625,0.3728813559322034,-0.033368644067796605,0.6144539631965666,0.4408170391061452,-0.17363692409042142,0.8949951529502869,0.8802573680877686,-0.01473778486251831
2804,0.113527448468032,0.1882297794329604,0.0747023309649284,0.4864864864864864,0.4126984126984127,-0.07378807378807373,0.2222222222222222,0.2622950819672131,0.04007285974499086,0.3783783783783784,0.3809523809523809,0.0025740025740024763,0.3944495459646975,0.2979385337150127,-0.09651101224968478,0.8740506768226624,0.8721646666526794,-0.0018860101699829102
2805,0.2330826473422624,0.2297340828620648,-0.0033485644801976022,0.7868852459016394,0.8135593220338984,0.026674076132258917,0.3389830508474576,0.3508771929824561,0.011894142134998509,0.4590163934426229,0.4745762711864407,0.015559877743817785,0.6351417703397401,0.6383174791914388,0.003175708851698711,0.9308890700340272,0.9353737831115724,0.004484713077545166
2806,0.0585464256982578,0.0736602388532855,0.015113813155027703,0.36,0.3902439024390244,0.030243902439024417,0.0833333333333333,0.1538461538461538,0.0705128205128205,0.32,0.3902439024390244,0.0702439024390244,0.2247191011235955,0.3498039215686274,0.12508482044503189,0.7903324961662292,0.8088501691818237,0.018517673015594482
2807,0.049247574443039,0.0902145803172079,0.040967005874168905,0.3561643835616437,0.4126984126984127,0.05653402913676897,0.056338028169014,0.1967213114754098,0.1403832833063958,0.2191780821917808,0.3174603174603175,0.09828223526853669,0.2364163998513029,0.2722798923490965,0.03586349249779361,0.8390578031539917,0.8513248562812805,0.012267053127288818
2808,0.1922809378640729,0.150323550870263,-0.04195738699380991,0.4516129032258064,0.3728813559322034,-0.07873154729360299,0.3,0.2456140350877193,-0.05438596491228068,0.2903225806451613,0.3050847457627119,0.014762165117550574,0.4551267258951579,0.350943396226415,-0.10418332966874289,0.8622617125511169,0.8449314832687378,-0.01733022928237915
2809,0.110094134875156,0.0762794430171896,-0.0338146918579664,0.3870967741935484,0.4444444444444444,0.05734767025089604,0.1538461538461538,0.1311475409836065,-0.02269861286254729,0.2150537634408602,0.3174603174603175,0.10240655401945731,0.3477265943687195,0.2530816248067854,-0.09464496956193408,0.8461441993713379,0.8439861536026001,-0.002158045768737793
2810,0.2699543237438351,0.2578410453411989,-0.012113278402636207,0.4848484848484848,0.5633802816901409,0.07853179684165607,0.25,0.2608695652173913,0.010869565217391297,0.4242424242424243,0.4225352112676056,-0.0017072129748186837,0.4944955363615652,0.5536169371375008,0.05912140077593564,0.8997970819473267,0.9021457433700562,0.002348661422729492
2811,0.008725369621142,0.008886871815119,0.00016150219397699853,0.125,0.0909090909090909,-0.0340909090909091,0.0,0.0,0.0,0.125,0.0909090909090909,-0.0340909090909091,0.1941747572815534,0.1530612244897959,-0.0411135327917575,0.7356942296028137,0.7223242521286011,-0.013369977474212646
2812,0.0392432263497616,0.0482644034861248,0.009021177136363197,0.2222222222222222,0.2285714285714285,0.006349206349206299,0.0759493670886076,0.0588235294117647,-0.0171258376768429,0.1481481481481481,0.1714285714285714,0.02328042328042329,0.1957214383249886,0.1653944020356234,-0.0303270362893652,0.7922157645225525,0.7923301458358765,0.00011438131332397461
2813,0.1459616940826799,0.09434386306084,-0.051617831021839894,0.4210526315789474,0.3703703703703704,-0.050682261208576995,0.1454545454545454,0.0769230769230769,-0.06853146853146849,0.3157894736842105,0.2592592592592593,-0.05653021442495121,0.4208333333333333,0.3229574658146086,-0.09787586751872468,0.8772894740104675,0.8754734992980957,-0.0018159747123718262
2814,0.0253970641284511,0.0183601026506244,-0.0070369614778267,0.2222222222222222,0.1261261261261261,-0.09609609609609612,0.0769230769230769,0.055045871559633,-0.021877205363443897,0.1851851851851852,0.1081081081081081,-0.0770770770770771,0.2751082251082251,0.234394832595267,-0.04071339251295808,0.8344469666481018,0.7885804772377014,-0.04586648941040039
2815,0.117200291380273,0.1447982492200087,0.02759795783973569,0.4313725490196078,0.4390243902439024,0.0076518412242945755,0.1224489795918367,0.2051282051282051,0.08267922553636839,0.392156862745098,0.4390243902439024,0.04686752749880441,0.3828372504236351,0.336526421237165,-0.046310829186470115,0.8264205455780029,0.8337050676345825,0.00728452205657959
2817,0.0514313172949146,0.0142646256170269,-0.0371666916778877,0.3851851851851852,0.328125,-0.057060185185185186,0.1203007518796992,0.0476190476190476,-0.0726817042606516,0.2666666666666666,0.1875,-0.07916666666666661,0.2408162595726284,0.1572796403688343,-0.0835366192037941,0.8418657183647156,0.8315417170524597,-0.01032400131225586
2818,0.0537296026244461,0.0736148828937052,0.0198852802692591,0.34375,0.3676470588235294,0.023897058823529382,0.1111111111111111,0.1492537313432836,0.03814262023217249,0.2343749999999999,0.2352941176470588,0.0009191176470589035,0.2168211018139508,0.2805190058479532,0.06369790403400238,0.8319112062454224,0.8184095025062561,-0.01350170373916626
2819,0.0574006650046955,0.0467623385562519,-0.010638326448443598,0.25,0.24,-0.010000000000000009,0.074074074074074,0.0833333333333333,0.0092592592592593,0.25,0.24,-0.010000000000000009,0.215028901734104,0.1862094395280236,-0.028819462206080393,0.7863845229148865,0.7799651026725769,-0.00641942024230957
2820,0.2621180250703668,0.1880684845751187,-0.07404954049524809,0.5294117647058822,0.4761904761904761,-0.05322128851540614,0.303030303030303,0.2950819672131147,-0.00794833581718829,0.4411764705882353,0.4126984126984127,-0.028478057889822606,0.4355047804245665,0.3424236840488913,-0.09308109637567519,0.8772467970848083,0.8753183484077454,-0.0019284486770629883
2821,0.1834602224355267,0.1745965321367983,-0.00886369029872841,0.634920634920635,0.5,-0.134920634920635,0.3278688524590164,0.2962962962962963,-0.031572556162720145,0.5079365079365079,0.3928571428571428,-0.11507936507936511,0.4819955937613548,0.3798481640241698,-0.10214742973718499,0.9162293672561646,0.892667829990387,-0.023561537265777588
2822,0.0927092703596286,0.0153357914585432,-0.0773734789010854,0.3177570093457944,0.2650602409638554,-0.052696768381938985,0.1142857142857142,0.0987654320987654,-0.0155202821869488,0.205607476635514,0.1927710843373493,-0.012836392298164717,0.2768240871699052,0.1599485948225444,-0.1168754923473608,0.8411015272140503,0.8271366953849792,-0.013964831829071045
2824,0.0902349678619119,0.0229081428404624,-0.0673268250214495,0.3999999999999999,0.2909090909090909,-0.10909090909090902,0.1095890410958904,0.0754716981132075,-0.0341173429826829,0.1866666666666666,0.2181818181818181,0.031515151515151496,0.3092081161506771,0.1338199513381995,-0.17538816481247763,0.8373965620994568,0.8014801144599915,-0.03591644763946533
2826,0.0752307697256859,0.0700847626498971,-0.0051460070757888,0.3050847457627119,0.3,-0.005084745762711895,0.1052631578947368,0.1034482758620689,-0.0018148820326679,0.2711864406779661,0.2333333333333333,-0.03785310734463279,0.2779794532979998,0.2771293632267521,-0.0008500900712477,0.8215029239654541,0.8082630038261414,-0.013239920139312744
2827,0.004542589344899,0.0065040818190567,0.0019614924741577005,0.1726618705035971,0.2083333333333333,0.035671462829736184,0.0583941605839416,0.0704225352112676,0.012028374627325998,0.1151079136690647,0.1527777777777777,0.03766986410871301,0.0890428870292887,0.1066861273283291,0.017643240299040408,0.7858996987342834,0.7972262501716614,0.01132655143737793
2828,0.0807769623427822,0.0132752183283768,-0.0675017440144054,0.3555555555555555,0.3013698630136986,-0.0541856925418569,0.1136363636363636,0.028169014084507,-0.0854673495518566,0.2444444444444445,0.1643835616438356,-0.08006088280060888,0.3506751185322614,0.1670644391408114,-0.18361067939145,0.8475654125213623,0.8233023285865784,-0.024263083934783936
2829,0.1960572502388469,0.3385463794109318,0.1424891291720849,0.4411764705882353,0.6,0.1588235294117647,0.2727272727272727,0.3333333333333333,0.06060606060606061,0.3823529411764705,0.52,0.1376470588235295,0.5868421052631579,0.5835741178530777,-0.0032679874100802753,0.8780255317687988,0.9038612842559814,0.025835752487182617
2830,0.0430310707387317,0.0408430616708252,-0.0021880090679064976,0.2352941176470588,0.2745098039215686,0.0392156862745098,0.0816326530612244,0.0816326530612244,0.0,0.2352941176470588,0.196078431372549,-0.0392156862745098,0.2195121951219512,0.3647058823529411,0.1451936872309899,0.8164873123168945,0.7938490509986877,-0.022638261318206787
2831,0.0436118116930963,0.0244999613530862,-0.019111850340010103,0.2461538461538461,0.2545454545454545,0.008391608391608407,0.0317460317460317,0.0377358490566037,0.005989817310572,0.1846153846153846,0.1818181818181818,-0.0027972027972028024,0.2155074853687716,0.1805397727272727,-0.034967712641498894,0.8315649032592773,0.8403087258338928,0.008743822574615479
2832,0.068308133376635,0.1117447670127179,0.04343663363608291,0.5454545454545454,0.5316455696202531,-0.013808975834292303,0.08,0.1298701298701298,0.0498701298701298,0.2857142857142857,0.2784810126582278,-0.007233273056057921,0.3731001371742112,0.3923674301422568,0.01926729296804558,0.8785716891288757,0.8782427310943604,-0.00032895803451538086
2833,0.0971217660940066,0.14185009223951,0.0447283261455034,0.3896103896103896,0.4444444444444444,0.054834054834054846,0.16,0.1714285714285714,0.011428571428571399,0.3116883116883117,0.2777777777777778,-0.03391053391053389,0.3280925155925156,0.3758169934640523,0.047724477871536664,0.8780847191810608,0.8741535544395447,-0.003931164741516113
2835,0.138369033843151,0.1988729477098701,0.060503913866719106,0.6274509803921569,0.5490196078431373,-0.07843137254901955,0.2040816326530612,0.2857142857142857,0.0816326530612245,0.4705882352941176,0.4705882352941176,0.0,0.5171655149654489,0.5552689525007863,0.0381034375353374,0.9138341546058656,0.9180380702018738,0.00420391559600819
2836,0.0268293908838119,0.024451102665485,-0.002378288218326901,0.2391304347826087,0.2142857142857143,-0.0248447204968944,0.0444444444444444,0.048780487804878,0.004336043360433604,0.1521739130434782,0.1428571428571428,-0.009316770186335394,0.2474367022389622,0.1703579689956163,-0.07707873324334588,0.8357716202735901,0.8250027894973755,-0.0107688307762146
2837,0.0248514381279186,0.0090814562068242,-0.015769981921094398,0.238095238095238,0.224,-0.014095238095237994,0.0483870967741935,0.016260162601626,-0.0321269341725675,0.1428571428571428,0.112,-0.03085714285714279,0.1187473852881511,0.1140507190766682,-0.004696666211482903,0.7827458381652832,0.7949787378311157,0.01223289966583252
2838,0.3314727497106914,0.2811972949101874,-0.050275454800503994,0.6956521739130435,0.6511627906976745,-0.044489383215368994,0.4545454545454545,0.3414634146341463,-0.11308203991130816,0.391304347826087,0.4186046511627906,0.027300303336703635,0.7189025194565362,0.6064067003861425,-0.11249581907039363,0.92518550157547,0.9289078116416932,0.0037223100662232556
2839,0.4918523839244552,0.3608248243345318,-0.1310275595899234,0.7241379310344829,0.6666666666666666,-0.057471264367816244,0.5714285714285714,0.4081632653061225,-0.16326530612244888,0.4827586206896552,0.5098039215686274,0.027045300878972223,0.7705914870093975,0.5860944726666162,-0.18449701434278132,0.9375311732292176,0.9105443954467772,-0.026986777782440408
2840,0.0364490466421404,0.1669527814896974,0.13050373484755698,0.4390243902439024,0.3037974683544304,-0.135226921889472,0.125,0.1558441558441558,0.030844155844155813,0.3170731707317073,0.2278481012658228,-0.08922506946588452,0.3621137060627505,0.2960307978229125,-0.06608290823983803,0.8541024327278137,0.8381302356719971,-0.01597219705581665
2842,0.2069598299048169,0.2255118902353846,0.018552060330567693,0.6865671641791046,0.7164179104477613,0.02985074626865669,0.2769230769230769,0.3076923076923077,0.030769230769230826,0.4477611940298507,0.4776119402985075,0.029850746268656803,0.5729222190331706,0.6020561941251595,0.029133975091988895,0.9063593745231628,0.9169102311134338,0.010550856590270996
2843,0.0626875618803836,0.0483113447888304,-0.0143762170915532,0.3296703296703297,0.2888888888888888,-0.040781440781440914,0.1348314606741573,0.0909090909090909,-0.0439223697650664,0.2417582417582417,0.2222222222222222,-0.019536019536019494,0.1855319629147667,0.1701314279303769,-0.015400534984389813,0.8099575042724609,0.8018056750297546,-0.008151829242706299
2844,0.229034577591395,0.2191594235505113,-0.00987515404088371,0.5454545454545454,0.6031746031746033,0.05772005772005784,0.28125,0.2622950819672131,-0.018954918032786927,0.4242424242424242,0.4761904761904761,0.05194805194805191,0.4936914600550964,0.4934498038498282,-0.00024165620526822584,0.8904942274093628,0.9011854529380798,0.010691225528717041
2845,0.1217802106941195,0.1496597507805062,0.027879540086386698,0.4285714285714286,0.4444444444444444,0.015873015873015817,0.2,0.2352941176470588,0.03529411764705878,0.3333333333333333,0.3333333333333332,-1.1102230246251565e-16,0.5543091168091168,0.3957446808510638,-0.15856443595805297,0.848816990852356,0.8346507549285889,-0.01416623592376709
2847,0.0621147333709352,0.0209951359689623,-0.04111959740197289,0.3505154639175257,0.3061224489795918,-0.044393014937933906,0.1684210526315789,0.1041666666666666,-0.06425438596491229,0.3092783505154639,0.2448979591836734,-0.06438039133179047,0.2247621085904317,0.1631504015407369,-0.06161170704969479,0.8319779634475708,0.8501478433609009,0.018169879913330078
2848,0.0790119158448024,0.0513798066630232,-0.027632109181779198,0.3636363636363636,0.3870967741935484,0.023460410557184785,0.1886792452830188,0.1666666666666666,-0.022012578616352196,0.2909090909090909,0.2580645161290323,-0.03284457478005859,0.3372592592592592,0.3317304189435336,-0.005528840315725592,0.8637760877609253,0.8484182953834534,-0.015357792377471924
2850,0.1264065350550135,0.1194695619855465,-0.0069369730694670145,0.339622641509434,0.28,-0.05962264150943397,0.1568627450980392,0.125,-0.031862745098039214,0.2641509433962263,0.2,-0.06415094339622629,0.3760493559125778,0.3393817204301075,-0.03666763548247032,0.8299671411514282,0.8237203359603882,-0.006246805191040039
2851,0.2330826473422624,0.17384142574123,-0.0592412216010324,0.6774193548387097,0.5925925925925927,-0.08482676224611707,0.3666666666666666,0.3076923076923077,-0.058974358974358876,0.5806451612903226,0.5185185185185185,-0.06212664277180413,0.5962789602284436,0.4390267175572519,-0.1572522426711917,0.9370448589324952,0.9270745515823364,-0.009970307350158802
2852,0.0887952344366296,0.0819997549585835,-0.006795479478046096,0.3283582089552239,0.4262295081967213,0.0978712992414974,0.1846153846153846,0.1694915254237288,-0.015123859191655792,0.2686567164179105,0.3278688524590164,0.05921213604110592,0.2724484665661136,0.2915704387990762,0.01912197223296258,0.852643609046936,0.8535064458847046,0.0008628368377685547
2854,0.1618618229531863,0.1759046596549956,0.014042836701809308,0.5423728813559322,0.6,0.057627118644067776,0.2105263157894736,0.2413793103448276,0.030852994555354007,0.3389830508474576,0.3999999999999999,0.0610169491525423,0.444179104477612,0.5509949330972058,0.10681582861959382,0.891302764415741,0.8986782431602478,0.007375478744506836
2855,0.2313690168625193,0.2328810599202234,0.00151204305770411,0.7164179104477613,0.6666666666666667,-0.04975124378109452,0.3076923076923077,0.34375,0.03605769230769229,0.4776119402985075,0.5151515151515151,0.03753957485300763,0.6147756911841419,0.5850990396158464,-0.029676651568295465,0.920664370059967,0.9215410947799684,0.0008767247200013317
2856,0.1868634966893043,0.2464323677708544,0.059568871081550095,0.4528301886792453,0.5116279069767442,0.05879771829749891,0.1568627450980392,0.1951219512195122,0.03825920612147299,0.3773584905660377,0.4186046511627907,0.04124616059675301,0.5287356321839081,0.481294964028777,-0.047440668155131094,0.8969604969024658,0.8980192542076111,0.0010587573051452637
2857,0.143746175765714,0.058341238711334,-0.08540493705437999,0.5333333333333333,0.4155844155844155,-0.11774891774891783,0.25,0.2133333333333333,-0.03666666666666671,0.3555555555555555,0.3116883116883116,-0.04386724386724389,0.3732328239352612,0.2481121898597626,-0.1251206340754986,0.8888514041900635,0.8756381273269653,-0.013213276863098145
2858,0.0884099400153004,0.1129571454395392,0.0245472054242388,0.2857142857142857,0.3404255319148936,0.05471124620060791,0.0851063829787234,0.0888888888888888,0.003782505910165393,0.2448979591836734,0.2978723404255319,0.05297438124185849,0.2695652173913043,0.2745387453874538,0.004973527996149529,0.834693193435669,0.8506041765213013,0.015910983085632324
2859,0.1197901764974719,0.1084076575036778,-0.011382518993794097,0.4680851063829788,0.4081632653061224,-0.059921841076856386,0.1956521739130435,0.1458333333333333,-0.0498188405797102,0.4042553191489362,0.3469387755102041,-0.05731654363873212,0.2724477507206796,0.2711535064476241,-0.0012942442730555226,0.8694818019866943,0.8478996753692627,-0.02158212661743164
2860,0.2021571498393047,0.2169123150923748,0.014755165253070107,0.4788732394366196,0.4411764705882353,-0.0376967688483843,0.2318840579710145,0.2727272727272727,0.04084321475625821,0.3943661971830986,0.3235294117647058,-0.07083678541839283,0.4395585356134241,0.3868407172995781,-0.05271781831384603,0.8793548941612244,0.8777767419815063,-0.0015781521797180176
2861,0.2121665383990558,0.2188357235734984,0.006669185174442593,0.5,0.5084745762711865,0.008474576271186529,0.2580645161290323,0.2105263157894737,-0.047538200339558606,0.4375,0.3728813559322034,-0.0646186440677966,0.4347451790633609,0.3855863332987516,-0.04915884576460933,0.8782014846801758,0.8912584185600281,0.013056933879852295
2862,0.3151231390602404,0.3301906370739468,0.015067498013706382,0.6216216216216217,0.6027397260273972,-0.018881895594224485,0.3611111111111111,0.3943661971830986,0.033255086071987516,0.5945945945945946,0.6027397260273972,0.0081451314328026,0.5319312326595322,0.5300157641344638,-0.001915468525068409,0.929678440093994,0.9253941774368286,-0.004284262657165416
2863,0.1970403774619204,0.18684661224121,-0.010193765220710416,0.6774193548387097,0.6440677966101696,-0.03335155822854019,0.3,0.3157894736842105,0.01578947368421052,0.4193548387096774,0.4745762711864407,0.05522143247676331,0.5354408904704763,0.5186122522170057,-0.016828638253470585,0.9054080843925476,0.8968898057937622,-0.0085182785987854
2864,0.0375905159135545,0.0121313532599544,-0.0254591626536001,0.2708333333333333,0.2025316455696202,-0.06830168776371312,0.0638297872340425,0.0,-0.0638297872340425,0.1874999999999999,0.1012658227848101,-0.08623417721518979,0.1492537313432836,0.1365402274493183,-0.012713503893965306,0.7964551448822021,0.7858452200889587,-0.010609924793243408
2865,0.1183378761904343,0.1637074848267247,0.0453696086362904,0.4507042253521126,0.5333333333333334,0.08262910798122086,0.1739130434782608,0.1917808219178082,0.0178677784395474,0.3661971830985915,0.3199999999999999,-0.04619718309859161,0.3555583724172898,0.3811475409836066,0.025589168566316767,0.8986772894859314,0.8901700377464294,-0.008507251739501953
2866,0.0610433069542663,0.0629082040655345,0.0018648971112682003,0.375,0.3829787234042553,0.007978723404255317,0.0869565217391304,0.0888888888888888,0.0019323671497583905,0.25,0.2553191489361702,0.005319148936170193,0.3262529501596557,0.327366441457129,0.0011134912974732902,0.8425168991088867,0.8405987620353699,-0.0019181370735168457
2867,0.0572736150177704,0.0837328299569012,0.026459214939130803,0.4385964912280701,0.4955752212389381,0.056978730010868006,0.1785714285714285,0.2342342342342342,0.05566280566280571,0.2631578947368421,0.3008849557522124,0.03772706101537032,0.2604834561568601,0.2906110797662683,0.03012762360940824,0.865006685256958,0.8715205192565918,0.006513833999633789
2868,0.3016674361089995,0.2241863849291871,-0.07748105117981238,0.5357142857142857,0.5416666666666667,0.005952380952381042,0.3333333333333333,0.3043478260869565,-0.02898550724637683,0.4642857142857143,0.4583333333333333,-0.005952380952380987,0.5346988795518206,0.4630513462991688,-0.07164753325265183,0.8930280804634094,0.898754894733429,0.005726814270019531
2870,0.2502182076546833,0.0543826346326824,-0.1958355730220009,0.5866666666666668,0.4545454545454545,-0.1321212121212123,0.3287671232876711,0.1875,-0.1412671232876711,0.48,0.3636363636363636,-0.11636363636363639,0.494073970154217,0.284830074300582,-0.209243895853635,0.9206764698028564,0.883776843547821,-0.0368996262550354
2871,0.177566405232338,0.1129244455816688,-0.0646419596506692,0.5352112676056338,0.4838709677419355,-0.05134029986369826,0.2318840579710144,0.2666666666666666,0.034782608695652195,0.3943661971830985,0.4193548387096774,0.02498864152657887,0.4407498715078446,0.3474522892177313,-0.09329758229011331,0.8972476720809937,0.9037550687789916,0.006507396697997936
2873,0.0994331256564067,0.0784177012488633,-0.021015424407543407,0.425531914893617,0.3928571428571428,-0.03267477203647423,0.1777777777777777,0.1481481481481481,-0.02962962962962959,0.3829787234042553,0.3214285714285714,-0.06155015197568392,0.403269884270811,0.4308880308880308,0.027618146617219785,0.8871652483940125,0.8717328310012817,-0.015432417392730713
2874,0.0623590612223984,0.0382692902335896,-0.024089770988808795,0.3368421052631579,0.3076923076923076,-0.02914979757085029,0.1075268817204301,0.0898876404494382,-0.017639241270991896,0.2526315789473684,0.2197802197802197,-0.03285135916714868,0.2020225947521866,0.1799206337108567,-0.022101961041329887,0.8409537076950073,0.8353500366210938,-0.005603671073913574
2876,0.232738415750697,0.1686658840755378,-0.06407253167515922,0.5263157894736843,0.509090909090909,-0.017224880382775254,0.2545454545454545,0.2264150943396226,-0.028130360205831928,0.3508771929824561,0.4,0.0491228070175439,0.4582180360437063,0.4049242954577274,-0.05329374058597891,0.9043782949447632,0.9033218026161194,-0.0010564923286437988
2877,0.1298729387054973,0.1248740514218605,-0.004998887283636788,0.5818181818181818,0.5357142857142857,-0.04610389610389609,0.2264150943396226,0.2222222222222222,-0.004192872117400381,0.4727272727272727,0.4285714285714285,-0.044155844155844226,0.4961294862772695,0.4762457044673539,-0.01988378180991557,0.8998008966445923,0.8968148827552795,-0.002986013889312744
2879,0.0461622615317554,0.0361260396931773,-0.0100362218385781,0.2040816326530612,0.1851851851851851,-0.01889644746787611,0.0425531914893617,0.0384615384615384,-0.0040916530278233,0.163265306122449,0.1481481481481481,-0.015117157974300882,0.2654320987654321,0.2364583333333333,-0.028973765432098814,0.804409921169281,0.8202154040336609,0.015805482864379883
2880,0.0202316400426007,0.037657835120745,0.0174261950781443,0.3278688524590163,0.4782608695652174,0.1503920171062011,0.0338983050847457,0.1818181818181818,0.1479198767334361,0.2295081967213114,0.4347826086956522,0.20527441197434082,0.3371649864765182,0.457094475721323,0.11992948924480479,0.8468220829963684,0.8720411062240601,0.02521902322769165
2882,0.1286135729875808,0.1863961153409929,0.0577825423534121,0.425,0.5142857142857143,0.08928571428571436,0.1538461538461538,0.2647058823529412,0.11085972850678738,0.3,0.4,0.10000000000000003,0.3214327286030231,0.3943475155596367,0.07291478695661363,0.8766228556632996,0.8946927189826965,0.018069863319396973
2884,0.0536871526440907,0.0618491076765556,0.008161955032464897,0.4123711340206185,0.4158415841584158,0.003470450137797343,0.0842105263157894,0.1212121212121211,0.0370015948963317,0.268041237113402,0.3168316831683168,0.04879044605491478,0.2234440216571399,0.2908189880020866,0.06737496634494672,0.8557820916175842,0.8462704420089722,-0.00951164960861206
2885,0.0405447589658131,0.0387609383345336,-0.0017838206312795063,0.3423423423423423,0.3669724770642201,0.024630134721877806,0.073394495412844,0.1121495327102803,0.038755037297436304,0.2342342342342342,0.2568807339449541,0.022646499710719886,0.1817428571428571,0.1969127837514934,0.015169926608636308,0.8131474256515503,0.8246214389801025,0.011474013328552246
2886,0.0347564035656355,0.0293843213271751,-0.005372082238460401,0.3,0.2413793103448276,-0.05862068965517239,0.0689655172413793,0.0714285714285714,0.0024630541871921013,0.2,0.1724137931034482,-0.027586206896551807,0.236835474930713,0.1991921023886564,-0.0376433725420566,0.8334909677505493,0.8203450441360474,-0.013145923614501953
2887,0.0599457300653256,0.057867519427021,-0.0020782106383046006,0.2941176470588235,0.3132530120481928,0.019135364989369297,0.0999999999999999,0.1728395061728395,0.0728395061728396,0.1764705882352941,0.216867469879518,0.04039688164422389,0.1744465648854962,0.1935639045135757,0.01911733962807949,0.8346803784370422,0.8378819227218628,0.0032015442848205566
2888,0.0377699352139484,0.1131118216903726,0.0753418864764242,0.3855421686746987,0.3421052631578947,-0.043436905516804014,0.1481481481481481,0.1351351351351351,-0.013013013013013025,0.2650602409638554,0.2368421052631579,-0.028218135700697478,0.3325367503323168,0.2811355311355311,-0.0514012191967857,0.8678455352783203,0.8700950145721436,0.002249479293823242
2889,0.3152407945522059,0.2352247992661611,-0.08001599528604478,0.6027397260273972,0.605263157894737,0.0025234318673397205,0.3380281690140845,0.2972972972972973,-0.04073087171678719,0.547945205479452,0.5263157894736842,-0.021629416005767843,0.5069021345490179,0.4703203556327431,-0.03658177891627479,0.9273536801338196,0.922458291053772,-0.004895389080047607
2890,0.1138811438532019,0.0743145033074484,-0.0395666405457535,0.4578313253012048,0.4,-0.05783132530120477,0.2222222222222222,0.136986301369863,-0.0852359208523592,0.3855421686746987,0.3466666666666666,-0.03887550200803208,0.2693136459632434,0.2245963912630579,-0.04471725470018553,0.8818545937538147,0.8671033382415771,-0.014751255512237549
2891,0.0083108654582747,0.0138902104202375,0.005579344961962799,0.2452830188679245,0.2764227642276423,0.03113974535971778,0.0384615384615384,0.0330578512396694,-0.005403687221869,0.169811320754717,0.1626016260162601,-0.0072096947384568955,0.0984936268829663,0.1248581157775255,0.026364488894559196,0.8397813439369202,0.831223726272583,-0.008557617664337158
2892,0.1999816134220075,0.1945353305972054,-0.0054462828248020845,0.6933333333333334,0.6206896551724138,-0.07264367816091954,0.3013698630136986,0.3571428571428571,0.05577299412915848,0.48,0.5517241379310345,0.07172413793103449,0.6308814864034703,0.3633271490414347,-0.2675543373620356,0.916201651096344,0.907608449459076,-0.008593201637267955
2893,0.4205652153511334,0.1707402478852266,-0.2498249674659068,0.6666666666666666,0.5172413793103449,-0.14942528735632177,0.4727272727272727,0.25,-0.22272727272727272,0.456140350877193,0.3793103448275862,-0.07683000604960682,0.6628064310729067,0.4104723428235798,-0.2523340882493269,0.9283636212348938,0.8800801038742065,-0.048283517360687256
2894,0.1291949087730073,0.1427395859972511,0.013544677224243795,0.4399999999999999,0.4565217391304348,0.01652173913043492,0.1632653061224489,0.1777777777777777,0.01451247165532879,0.2799999999999999,0.217391304347826,-0.06260869565217392,0.2895622895622896,0.3120805369127516,0.02251824735046204,0.8669165968894958,0.8587241768836975,-0.00819242000579834
2895,0.0959852412980577,0.1108411921456204,0.014855950847562693,0.3050847457627119,0.3859649122807017,0.0808801665179898,0.1052631578947368,0.1454545454545454,0.0401913875598086,0.2711864406779661,0.3157894736842105,0.04460303300624441,0.2503991734760965,0.3399560702875399,0.08955689681144335,0.7820252776145935,0.7903931140899658,0.008367836475372314
2897,0.0521566039042192,0.059243001159006,0.007086397254786797,0.25,0.2608695652173913,0.010869565217391297,0.074074074074074,0.0909090909090909,0.016835016835016897,0.25,0.2608695652173913,0.010869565217391297,0.1943462897526502,0.2355410447761193,0.041194755023469115,0.8125942349433899,0.8117070198059082,-0.0008872151374816895
2898,0.1689554748507331,0.1821038896383151,0.013148414787581997,0.4444444444444445,0.4230769230769231,-0.021367521367521403,0.1923076923076923,0.1999999999999999,0.0076923076923076095,0.4444444444444445,0.4230769230769231,-0.021367521367521403,0.5078805531358884,0.4995711500974659,-0.008309403038422536,0.8851675391197205,0.8829007148742676,-0.002266824245452881
2899,0.2192949237280176,0.3369626834304019,0.11766775970238433,0.6315789473684211,0.6229508196721312,-0.008628127696289956,0.2972972972972973,0.4067796610169492,0.10948236371965187,0.4736842105263158,0.6229508196721312,0.14926660914581535,0.5559941520467836,0.5610972568578553,0.005103104811071679,0.915654957294464,0.9315358996391296,0.01588094234466564
2901,0.0395416644925718,0.0268900857996474,-0.012651578692924399,0.1818181818181818,0.1176470588235294,-0.0641711229946524,0.0754716981132075,0.0408163265306122,-0.0346553715825953,0.1090909090909091,0.0784313725490196,-0.030659536541889493,0.1673640167364016,0.1483050847457627,-0.019058931990638905,0.8046162128448486,0.7933681011199951,-0.011248111724853516
2902,0.231310390083573,0.1215508120392518,-0.10975957804432118,0.5294117647058822,0.4642857142857143,-0.06512605042016795,0.2424242424242424,0.1851851851851851,-0.05723905723905731,0.411764705882353,0.3928571428571428,-0.018907563025210183,0.4694714246346191,0.349178887241171,-0.12029253739344808,0.9161672592163086,0.9066272377967834,-0.009540021419525146
2903,0.1504290108694288,0.1085144665452048,-0.04191454432422401,0.48,0.4054054054054055,-0.0745945945945945,0.2465753424657534,0.1666666666666666,-0.07990867579908681,0.4266666666666666,0.2972972972972973,-0.12936936936936927,0.3257233201581028,0.2171458781934432,-0.1085774419646596,0.8660441040992737,0.8313870429992676,-0.034657061100006104
2904,0.0536155991394716,0.0555546380468953,0.0019390389074236958,0.3076923076923077,0.3529411764705882,0.04524886877828049,0.1269841269841269,0.1515151515151515,0.024531024531024598,0.3076923076923077,0.3235294117647059,0.01583710407239819,0.2734573119188503,0.2876849792049521,0.014227667286101808,0.8520846962928772,0.8388507962226868,-0.01323390007019043
2905,0.0355626094282291,0.0308013605732469,-0.004761248854982199,0.2926829268292683,0.3636363636363636,0.07095343680709532,0.0826446280991735,0.0824742268041237,-0.0001704012950498046,0.1788617886178862,0.2626262626262626,0.08376447400837639,0.2370497815550013,0.2089265361719703,-0.028123245383031015,0.7684016227722168,0.8072725534439087,0.038870930671691895
2906,0.1601795180951903,0.1783594323937462,0.018179914298555894,0.4545454545454545,0.4827586206896551,0.028213166144200608,0.1875,0.2142857142857142,0.02678571428571419,0.3333333333333333,0.3793103448275862,0.04597701149425287,0.4076712328767123,0.4307116104868915,0.023040377610179186,0.878760814666748,0.881607174873352,0.002846360206604004
2908,0.169942254256493,0.1730328356902749,0.0030905814337818804,0.4615384615384615,0.4776119402985074,0.01607347876004589,0.1904761904761905,0.1846153846153846,-0.0058608058608058955,0.3999999999999999,0.417910447761194,0.017910447761194104,0.3991051454138702,0.4122287370776075,0.013123591663737277,0.8811238408088684,0.8822326064109802,0.0011087656021118164
2909,0.0394239684300481,0.0321707423903535,-0.007253226039694596,0.2807017543859649,0.24,-0.040701754385964906,0.0714285714285714,0.0816326530612244,0.010204081632653003,0.1578947368421052,0.1399999999999999,-0.017894736842105297,0.1593323216995447,0.1248049921996879,-0.034527329499856804,0.7897770404815674,0.798204243183136,0.008427202701568604
2910,0.1604890612784585,0.1221732036279978,-0.038315857650460694,0.4651162790697674,0.4047619047619047,-0.06035437430786267,0.2142857142857142,0.1707317073170731,-0.04355400696864109,0.3953488372093023,0.3809523809523809,-0.01439645625692143,0.2777777777777778,0.1870090016366612,-0.09076877614111659,0.8800830841064453,0.8673185110092163,-0.012764573097229004
2911,0.0976786520242097,0.0428378940208201,-0.0548407580033896,0.3902439024390244,0.4047619047619047,0.014518002322880308,0.1,0.024390243902439,-0.075609756097561,0.2926829268292683,0.238095238095238,-0.054587688734030276,0.2547715417965046,0.2346938775510204,-0.020077664245484184,0.8764972686767578,0.8621158599853516,-0.01438140869140625
2915,0.1202569949193304,0.0970699821026063,-0.023187012816724098,0.4146341463414634,0.3434343434343433,-0.07119980290712008,0.2,0.1237113402061855,-0.07628865979381451,0.3902439024390244,0.2828282828282828,-0.10741561961074159,0.1876231527093596,0.1979753382112965,0.010352185501936922,0.878517210483551,0.8445077538490295,-0.034009456634521484
2916,0.1643434939684039,0.222271700883117,0.05792820691471312,0.4406779661016949,0.4583333333333333,0.017655367231638408,0.175438596491228,0.2608695652173913,0.08543096872616329,0.4067796610169492,0.4583333333333333,0.051553672316384136,0.5175091233791445,0.430327868852459,-0.08718125452668546,0.8929590582847595,0.8931088447570801,0.00014978647232055664
2917,0.0589340256762059,0.0595952233785867,0.0006611977023808016,0.3728813559322034,0.4333333333333333,0.0604519774011299,0.1403508771929824,0.1379310344827586,-0.002419842710223802,0.2372881355932203,0.1999999999999999,-0.03728813559322039,0.3016300859966628,0.3335619122257053,0.031931826229042504,0.8146603107452393,0.8249099850654602,0.010249674320220947
2918,0.0619361627819349,0.1385341172568014,0.0765979544748665,0.3947368421052631,0.3529411764705882,-0.041795665634674906,0.1351351351351351,0.1818181818181818,0.04668304668304671,0.3157894736842105,0.3529411764705882,0.037151702786377694,0.4133333333333333,0.344063492063492,-0.06926984126984126,0.8729418516159058,0.8661925792694092,-0.006749272346496582
2919,0.0980716713152958,0.0410519521941448,-0.057019719121151,0.4675324675324675,0.4137931034482759,-0.05373936408419161,0.08,0.0357142857142857,-0.0442857142857143,0.3116883116883117,0.3448275862068965,0.03313927451858484,0.4064415978478479,0.1994158708614086,-0.20702572698643928,0.8900457620620728,0.8703907132148743,-0.019655048847198486
2920,0.1175546749366671,0.1167775460600693,-0.0007771288765977963,0.4838709677419354,0.4166666666666666,-0.06720430107526881,0.1666666666666666,0.1739130434782608,0.007246376811594207,0.3225806451612903,0.2916666666666667,-0.03091397849462363,0.3799156030755689,0.2419171220400728,-0.13799848103549608,0.854542076587677,0.8311597108840942,-0.023382365703582764
2922,0.07906552205912,0.0257697564096042,-0.0532957656495158,0.3095238095238095,0.225,-0.08452380952380947,0.0975609756097561,0.0256410256410256,-0.0719199499687305,0.1666666666666666,0.15,-0.016666666666666607,0.3028643713434024,0.1902184235517569,-0.1126459477916455,0.810416579246521,0.805702269077301,-0.004714310169219971
2923,0.0972935278977199,0.0784177012488633,-0.018875826648856606,0.3333333333333333,0.3859649122807017,0.05263157894736836,0.1304347826086956,0.1090909090909091,-0.021343873517786494,0.25,0.2456140350877193,-0.004385964912280688,0.3095970273560125,0.4164179104477612,0.1068208830917487,0.858356773853302,0.8492917418479919,-0.009065032005310059
2924,0.0744759591357706,0.0485291886938412,-0.025946770441929397,0.3877551020408163,0.3541666666666667,-0.03358843537414963,0.125,0.0851063829787234,-0.0398936170212766,0.3265306122448979,0.3125,-0.014030612244897878,0.176352499853467,0.1625355618776671,-0.013816937975799887,0.8608994483947754,0.8569217324256897,-0.003977715969085693
2925,0.4278601626226331,0.2395841057797272,-0.1882760568429059,0.7916666666666667,0.6545454545454545,-0.1371212121212122,0.6086956521739131,0.4150943396226416,-0.1936013125512715,0.5833333333333334,0.4727272727272728,-0.1106060606060606,0.7435112350227355,0.691385021063125,-0.05212621395961048,0.9436340928077698,0.9150067567825316,-0.028627336025238148
2926,0.1942053406068837,0.228835503454953,0.0346301628480693,0.3076923076923077,0.4186046511627907,0.11091234347048301,0.24,0.2926829268292683,0.052682926829268284,0.3076923076923077,0.4186046511627907,0.11091234347048301,0.4397708069286015,0.3525514889151253,-0.08721931801347621,0.8244426846504211,0.8425613045692444,0.018118619918823242
